"","X","subjectID","Behavior20","Behavior21","Behavior22","Behavior23","Behavior24","Behavior25","Behavior26","Behavior27","Behavior28","Behavior29","Behavior30","Behavior31","Behavior32","Behavior33","Behavior34","Behavior35","Behavior64","Fear_of_everyday_situations441","Fear_of_everyday_situations442","Fear_of_everyday_situations443","Fear_of_everyday_situations444","Fear_of_everyday_situations445","Fear_of_everyday_situations446","Fear_of_everyday_situations447","Fear_of_everyday_situations448","Fear_of_everyday_situations449","Fear_of_everyday_situations451","Fear_of_everyday_situations453","Fear_of_everyday_situations454","Fear_of_everyday_situations457","Fear_of_everyday_situations458","Fear_of_everyday_situations459","Fear_of_everyday_situations460","Fear_of_everyday_situations462","Fear_of_everyday_situations467","Pandemic_effects468","Pandemic_effects469","Pandemic_effects470","Pandemic_effects471","Pandemic_effects472","Pandemic_effects473","Pandemic_effects474","Pandemic_effects475","Pandemic_effects476","Pandemic_effects477","Risk_perception1","Risk_perception10","Risk_perception110","Risk_perception111","Risk_perception112","Risk_perception113","Risk_perception114","Risk_perception115","Risk_perception116","Risk_perception2","Risk_perception3","Risk_perception4","Risk_perception5","Risk_perception6","Risk_perception7","Risk_perception8","Risk_perception9"
"1",0,"sub0509",82,54,13,0,0,8,73,3,0,79,97,89,81,99,84,94,68,3,3,1,1,2,3,4,3,1,3,1,1,1,1,3,3,1,1,2,1,1,1,1,3,4,3,2,3,75,100,79,100,77,66,56,76,3,42,11,75,63,65,74,66,95
"2",1,"sub0071",0,0,0,0,0,29,54,46,29,70,54,20,62,50,70,70,29,3,3,2,0,1,3,3,1,3,1,3,3,3,1,3,3,1,3,2,1,1,3,3,2,2,3,3,2,32,62,39,58,73,39,46,31,28,66,66,55,39,36,47,61,69
"3",2,"sub0201",0,0,0,0,1,58,73,0,66,88,100,100,60,18,55,100,100,3,3,3,0,4,3,4,4,4,3,4,4,4,2,4,4,4,2,1,1,1,2,2,2,1,4,2,1,10,71,92,100,49,78,83,27,49,91,62,76,39,58,76,88,22
"4",3,"sub0225",16,0,0,0,0,0,89,4,47,63,96,98,94,30,8,16,99,2,1,0,1,1,3,3,3,2,2,2,3,2,3,3,3,1,2,1,1,1,1,1,3,3,3,3,2,35,51,42,62,44,35,51,62,48,27,38,29,48,45,54,68,71
"5",4,"sub0185",0,0,0,0,0,51,91,62,71,58,79,100,69,91,92,98,92,3,4,2,4,4,4,4,4,4,4,4,4,3,3,4,4,3,4,1,1,1,3,1,4,3,3,2,2,76,100,99,100,99,99,100,52,0,94,89,89,100,89,100,100,52
"6",5,"sub0367",0,0,0,0,0,13,89,3,0,76,83,94,89,38,72,77,91,3,3,1,1,1,1,3,2,2,3,2,3,3,3,4,4,1,3,1,1,1,1,1,4,4,2,3,4,20,40,11,71,48,33,39,82,54,64,13,34,36,30,31,13,32
"7",6,"sub0499",5,0,0,0,0,6,100,0,7,100,100,98,89,4,77,100,100,3,3,1,2,3,3,3,2,1,3,4,3,4,2,3,2,3,3,2,1,1,2,2,3,4,3,4,3,44,100,36,99,99,64,96,96,5,58,69,79,49,43,47,53,97
"8",7,"sub0236",0,0,0,0,0,44,98,46,60,65,91,98,83,72,68,69,84,3,4,3,4,4,4,4,3,3,4,4,4,4,3,4,3,3,3,2,2,3,3,3,4,3,4,4,3,56,59,61,86,91,77,66,42,34,63,93,100,59,47,44,29,43
"9",8,"sub0346",50,27,8,0,0,0,34,63,52,80,9,41,5,12,1,36,16,2,2,4,0,2,2,2,1,2,2,2,2,1,2,2,2,1,0,4,3,1,2,4,1,3,2,4,2,34,52,27,49,49,39,48,75,53,40,56,44,50,51,50,66,57
"10",9,"sub0644",0,0,0,0,0,30,84,0,0,64,80,26,53,35,71,58,70,3,3,2,3,3,4,3,3,2,2,2,3,3,2,3,3,2,3,1,1,1,1,1,3,2,1,2,1,41,61,39,100,43,65,66,85,32,68,53,30,47,52,50,57,53
"11",10,"sub0275",0,0,0,0,0,97,100,100,100,100,100,100,80,100,100,100,100,4,4,3,3,4,4,4,1,4,4,4,4,4,3,4,4,4,3,1,1,1,1,1,4,4,3,4,4,100,83,100,100,100,100,100,95,0,100,100,71,100,100,100,100,100
"12",11,"sub0601",12,2,0,0,0,0,47,0,0,0,50,0,0,0,0,0,31,0,0,0,0,0,2,0,0,0,0,0,0,0,0,0,0,2,0,1,1,1,1,1,1,3,1,2,3,52,50,12,6,0,0,11,49,49,14,0,0,48,49,50,44,50
"13",12,"sub0613",32,0,1,0,0,50,97,50,80,87,100,99,56,91,100,100,74,3,3,2,1,3,3,3,2,3,2,2,3,1,0,4,3,2,3,1,1,1,1,1,3,3,2,4,2,56,100,71,86,99,99,100,45,29,81,97,99,58,86,92,100,96
"14",13,"sub0403",0,0,0,0,0,20,81,100,89,100,100,100,100,29,21,16,100,3,3,2,2,2,4,4,4,2,3,2,4,4,4,4,2,2,4,3,2,1,2,3,3,4,3,4,3,22,48,26,18,18,34,50,100,49,28,67,76,48,50,49,49,93
"15",14,"sub0012",49,33,18,6,0,15,16,48,72,67,63,49,51,49,37,46,51,3,3,1,3,3,3,3,3,2,3,3,3,3,3,3,3,3,2,3,1,1,1,2,2,3,2,4,3,50,73,51,48,56,49,66,50,38,24,47,50,50,51,44,33,89
"16",15,"sub0523",95,83,47,9,3,27,78,82,22,86,88,86,76,10,8,51,87,2,1,0,1,2,2,2,4,2,2,3,2,2,1,1,2,0,2,3,1,1,1,2,2,2,2,4,3,48,22,1,1,2,4,18,87,78,24,2,3,50,52,52,49,13
"17",16,"sub0322",0,0,0,0,0,3,80,71,74,99,99,55,38,16,70,57,99,3,3,2,1,3,2,3,2,2,4,3,3,3,0,3,3,2,4,2,1,3,2,3,2,2,2,3,3,35,95,48,48,46,39,36,61,37,98,99,50,35,37,47,55,57
"18",17,"sub0373",45,22,4,1,0,80,84,92,77,88,100,100,100,91,100,100,100,4,3,3,3,3,3,4,4,4,3,3,3,3,4,3,4,3,3,4,4,4,4,4,3,3,4,4,4,65,16,67,82,69,33,39,100,77,17,13,28,32,33,32,28,12
"19",18,"sub0182",36,0,0,0,0,83,89,21,23,61,97,99,92,3,32,39,96,1,1,1,1,3,4,1,1,1,2,1,3,1,4,3,3,2,2,1,1,1,1,1,1,1,1,3,1,7,39,4,55,59,23,22,99,80,64,23,37,21,12,24,26,10
"20",19,"sub0286",50,0,0,0,0,0,99,51,60,90,86,76,38,51,100,49,87,2,3,1,3,2,4,2,1,1,3,3,3,3,1,3,2,2,1,2,2,2,2,2,4,4,2,3,3,5,98,42,90,68,60,51,57,54,91,50,49,7,4,14,25,89
"21",20,"sub0221",12,0,0,0,0,64,87,22,27,88,100,100,79,77,83,83,100,1,1,1,1,1,3,1,1,3,3,3,3,3,1,3,2,2,3,1,1,1,1,1,3,4,2,2,3,43,77,67,81,60,65,81,83,71,67,68,40,69,59,59,66,73
"22",21,"sub0287",0,0,0,0,0,27,91,7,6,100,99,79,47,38,86,98,99,3,3,1,3,3,4,3,2,3,3,3,4,3,0,3,3,1,3,2,1,2,1,3,4,4,3,3,4,22,53,10,50,82,48,51,94,74,59,49,30,32,20,38,55,45
"23",22,"sub0203",7,0,0,0,0,0,100,100,0,100,97,99,100,100,100,100,0,4,4,1,3,4,4,4,3,4,4,3,4,4,3,4,4,4,3,2,1,1,4,3,4,4,4,4,4,99,100,95,100,100,80,100,97,1,75,43,100,98,100,100,100,100
"24",23,"sub0634",0,0,0,0,0,0,100,79,100,100,100,100,100,29,100,100,100,3,3,3,3,4,4,4,3,3,3,3,4,3,3,0,3,1,3,1,1,4,4,2,4,3,3,4,3,18,50,0,100,100,100,100,92,0,100,26,36,100,33,30,41,0
"25",24,"sub0467",4,4,2,3,1,2,74,0,2,1,99,99,100,0,0,1,100,2,0,0,2,2,2,2,0,0,0,0,2,0,0,2,0,1,0,1,1,1,2,3,2,3,4,3,2,48,50,14,50,81,34,50,89,28,52,100,50,51,51,48,52,51
"26",25,"sub0036",0,0,0,0,0,60,100,0,0,85,63,100,80,83,92,98,57,4,4,3,2,4,4,4,4,3,3,3,4,4,3,4,4,3,3,1,1,1,1,1,4,4,2,3,2,74,100,49,100,50,92,94,82,7,100,51,67,100,82,79,78,100
"27",26,"sub0135",90,69,51,27,7,3,69,0,0,29,92,99,60,0,1,0,96,1,0,0,0,0,0,3,2,0,0,0,0,0,0,0,0,0,0,4,4,4,4,4,1,1,4,4,4,48,8,5,6,49,2,7,85,51,4,0,66,47,55,55,57,34
"28",27,"sub0560",67,32,23,15,8,9,53,30,6,66,61,54,73,18,13,12,64,1,1,0,0,0,0,1,2,0,1,0,0,1,0,0,0,1,0,3,2,3,2,2,2,2,2,4,3,28,17,18,53,58,28,20,66,82,13,8,33,33,19,22,18,64
"29",28,"sub0288",3,0,0,0,0,0,21,46,54,81,70,49,51,20,99,94,48,2,2,1,1,1,3,3,2,3,3,1,1,3,3,3,4,1,1,3,1,1,1,2,3,4,4,4,2,32,81,15,45,52,41,48,74,54,48,68,79,27,47,52,52,78
"30",29,"sub0091",28,0,0,0,0,48,100,72,14,90,100,50,82,56,99,100,71,4,4,3,4,4,4,4,4,4,4,4,1,4,0,1,4,3,3,2,1,1,1,2,3,3,2,3,3,80,100,88,83,45,7,98,55,10,47,18,27,91,61,64,72,97
"31",30,"sub0198",0,0,0,0,0,0,100,68,0,100,100,100,100,0,0,0,100,1,0,0,0,0,0,1,4,1,1,2,4,2,3,3,3,3,4,1,1,1,1,1,4,4,1,3,1,69,75,27,100,22,4,48,100,6,96,11,54,87,81,83,83,53
"32",31,"sub0608",13,0,0,0,0,12,80,29,62,86,78,87,64,15,66,78,80,2,3,3,0,4,4,2,1,1,3,3,3,1,0,4,3,3,1,1,1,1,1,1,3,4,2,4,4,32,50,74,67,80,23,63,71,61,36,19,49,39,36,26,29,68
"34",33,"sub0607",0,0,0,0,0,70,78,10,78,77,51,76,82,81,48,76,79,3,2,2,2,1,2,3,1,2,1,1,1,3,1,2,3,1,1,2,1,1,2,2,3,3,3,3,2,52,51,72,71,77,50,68,49,39,50,5,49,62,50,49,62,79
"35",34,"sub0642",0,0,0,0,0,66,53,30,48,63,83,99,79,78,65,71,63,3,3,1,3,3,4,3,4,3,3,3,4,4,1,3,3,3,3,3,2,2,4,3,3,3,3,3,2,67,91,72,93,79,78,95,89,32,59,92,74,85,95,100,100,100
"37",36,"sub0101",33,0,0,0,0,3,62,28,41,54,86,54,77,9,9,9,84,1,2,1,0,1,3,2,1,1,2,1,3,2,1,3,2,2,1,4,2,2,3,2,2,3,3,4,3,27,44,36,59,86,51,62,49,39,52,34,52,37,29,38,43,76
"38",37,"sub0026",36,0,0,0,0,24,46,48,62,44,55,65,69,68,60,58,75,3,3,3,2,2,1,1,3,1,3,1,2,3,2,1,2,1,2,3,2,2,3,2,3,2,3,2,2,21,51,57,44,62,48,58,44,59,42,51,55,63,52,42,29,51
"39",38,"sub0545",0,0,0,0,0,17,100,13,82,94,100,100,85,75,81,96,100,4,4,1,3,4,4,4,4,4,4,3,4,4,1,4,4,4,3,1,1,1,4,2,3,4,3,4,2,74,75,75,75,91,81,78,85,10,70,52,89,69,66,58,67,70
"40",39,"sub0113",66,6,0,0,0,0,100,0,0,19,100,100,23,48,77,74,100,3,1,1,1,3,3,2,1,3,3,3,1,3,1,1,4,3,3,2,1,1,1,2,3,4,3,3,3,47,12,84,84,53,29,25,96,19,12,18,27,53,68,78,80,49
"41",40,"sub0066",0,0,0,0,0,14,100,51,20,78,100,100,65,32,65,78,100,3,1,0,0,3,2,3,3,1,3,3,4,3,1,3,2,1,3,1,1,1,1,1,1,1,1,3,2,100,63,74,55,73,55,57,64,19,40,27,49,86,95,74,68,63
"42",41,"sub0336",0,0,0,0,0,0,100,100,100,59,100,100,50,100,100,100,100,4,4,4,4,4,4,4,2,4,4,4,4,4,4,4,4,4,4,2,2,2,2,3,4,2,1,3,2,31,29,41,76,44,62,49,87,45,100,10,50,40,67,50,56,49
"43",42,"sub0576",16,6,0,0,0,77,85,56,39,87,81,74,91,81,91,68,84,3,3,1,0,3,3,4,3,4,3,3,3,4,3,2,4,3,3,3,2,2,2,2,3,4,1,4,3,72,65,70,85,59,79,85,64,44,37,25,31,76,76,87,63,76
"44",43,"sub0018",0,0,0,0,0,63,100,23,65,100,100,100,100,100,100,100,100,4,4,3,2,4,4,4,3,4,3,4,3,4,4,4,4,3,3,1,1,1,1,1,3,4,2,3,4,68,78,90,100,100,88,100,100,28,48,28,72,75,74,80,81,66
"45",44,"sub0418",66,32,7,0,0,18,66,70,81,88,88,49,84,67,79,94,87,3,3,2,1,3,3,4,3,4,3,3,1,4,2,3,4,3,3,1,1,1,1,1,2,3,4,4,3,63,49,74,73,95,51,27,71,50,26,95,82,64,68,69,64,73
"46",45,"sub0070",0,0,0,0,0,0,70,69,50,83,63,82,54,82,71,86,80,3,2,3,3,3,3,3,1,3,3,3,2,3,3,2,3,3,3,3,4,3,4,3,4,3,3,4,3,0,77,95,95,77,94,79,72,91,77,62,74,16,60,39,62,69
"47",46,"sub0443",86,82,61,40,32,0,50,0,0,2,0,0,6,0,0,0,1,0,0,0,0,0,0,0,1,0,0,0,0,0,0,2,1,1,0,2,1,1,1,2,2,3,1,4,2,10,53,1,5,85,15,5,86,68,42,0,74,4,3,6,8,46
"48",47,"sub0199",0,0,0,0,0,60,100,61,54,100,100,100,100,100,100,100,100,4,4,4,4,4,4,4,4,4,4,4,4,4,4,4,4,4,4,1,1,1,1,1,4,4,1,4,3,11,100,33,100,37,100,100,100,70,100,0,3,11,11,12,10,18
"49",48,"sub0320",0,0,0,0,0,89,98,16,0,100,100,100,100,98,99,100,100,3,3,1,1,3,3,4,3,3,3,2,2,2,1,4,3,2,2,1,1,1,1,1,1,4,1,4,2,42,4,0,0,35,3,26,99,52,0,5,41,47,53,58,62,64
"50",49,"sub0619",5,0,0,0,0,0,100,65,68,68,100,100,50,90,75,78,100,3,4,3,3,3,4,4,2,3,3,3,3,3,3,4,4,3,3,1,1,1,2,1,4,4,3,3,4,41,81,70,89,64,84,89,68,3,87,65,68,49,47,52,57,61
"51",50,"sub0444",6,0,0,1,1,64,66,4,5,49,85,82,65,69,75,80,86,2,1,1,1,1,2,3,1,3,1,2,1,1,2,2,2,1,1,1,1,1,2,2,1,2,1,3,2,25,71,60,63,56,68,62,81,80,66,5,41,29,35,33,42,69
"52",51,"sub0626",35,22,14,2,0,67,68,0,29,52,35,0,57,30,30,30,29,2,3,1,2,4,4,4,1,4,3,4,4,2,4,1,3,3,3,2,1,1,1,2,3,4,3,3,2,67,72,62,70,41,71,66,73,40,68,16,65,75,74,73,76,92
"53",52,"sub0293",39,25,15,10,0,29,60,31,29,63,72,66,30,39,70,64,62,2,2,2,1,1,2,1,1,1,2,1,2,2,1,3,2,2,2,2,2,1,1,2,3,3,2,2,2,30,57,27,36,38,45,58,57,41,39,38,43,63,39,39,52,60
"54",53,"sub0646",0,0,0,0,0,65,92,84,34,100,100,100,90,40,100,100,100,3,4,4,4,4,4,4,4,4,4,4,4,4,1,1,4,4,4,1,1,1,1,1,4,4,4,4,3,78,100,100,100,100,100,83,74,10,100,100,100,67,65,56,90,83
"55",54,"sub0564",15,2,0,0,0,5,89,75,72,81,96,96,80,5,67,97,96,1,1,1,1,3,3,3,1,1,1,1,1,1,3,3,1,1,1,4,3,3,3,2,3,4,4,4,4,9,76,6,79,91,9,7,95,69,78,89,91,7,31,41,75,5
"56",55,"sub0300",1,0,0,0,0,14,96,98,68,50,100,100,100,49,83,93,99,4,3,3,2,3,4,4,3,4,4,3,4,4,4,2,4,3,4,2,1,1,1,1,4,4,3,4,3,92,51,75,100,48,82,92,56,27,100,38,24,73,80,92,99,47
"57",56,"sub0317",77,57,36,4,0,20,39,66,48,67,94,91,56,37,57,85,84,3,1,1,1,1,3,2,1,2,2,1,1,3,1,2,3,1,1,3,1,1,1,3,3,3,4,3,3,21,64,19,51,53,34,32,80,28,67,81,66,18,22,49,44,80
"58",57,"sub0385",26,0,0,0,0,67,89,48,33,92,91,97,56,87,91,94,91,3,3,3,3,3,4,2,2,3,3,2,3,3,2,3,3,3,3,2,2,1,2,3,3,3,3,3,2,85,78,90,96,83,71,79,88,52,76,81,87,86,89,70,88,71
"59",58,"sub0169",0,0,0,0,0,15,100,46,47,100,100,100,74,73,100,100,100,2,2,0,0,0,3,4,4,4,2,2,4,2,4,0,3,3,2,2,1,1,1,1,1,1,2,4,3,16,48,59,59,40,28,31,74,31,63,35,47,28,25,22,33,41
"60",59,"sub0558",0,0,0,0,0,15,65,73,63,90,74,73,87,13,82,50,48,1,3,2,1,2,3,3,2,1,3,3,1,2,3,2,2,2,2,3,2,2,2,3,3,3,3,3,2,61,80,50,77,86,68,77,62,51,84,50,69,80,74,88,82,49
"61",60,"sub0463",0,0,0,0,0,41,100,4,4,79,87,100,70,19,28,36,76,1,1,1,3,3,4,1,1,1,4,3,4,4,1,3,2,2,1,1,1,1,1,1,4,4,3,4,1,43,50,33,49,52,46,61,91,20,54,10,96,46,50,49,56,99
"62",61,"sub0099",63,44,29,16,0,94,100,0,0,100,100,100,100,100,100,100,100,3,4,1,1,4,4,4,3,4,3,4,4,4,3,4,4,2,4,3,2,3,3,3,3,4,4,4,4,53,65,100,92,100,87,100,85,27,12,100,100,63,76,78,64,86
"63",62,"sub0136",0,0,0,0,0,33,95,10,0,100,85,88,97,36,57,58,91,1,2,1,1,3,4,3,3,2,2,2,3,3,2,3,2,2,2,3,1,1,4,1,3,3,2,4,2,41,37,73,64,57,47,49,70,46,45,0,16,45,29,29,32,29
"64",63,"sub0017",0,0,0,0,0,0,100,0,0,48,100,100,51,0,0,0,99,2,0,2,2,2,4,4,4,0,4,3,4,2,4,4,0,4,2,1,1,1,1,1,4,4,4,4,4,48,100,48,49,100,100,100,84,0,75,100,100,47,74,100,100,78
"65",64,"sub0157",26,4,0,0,0,84,74,60,88,94,100,100,86,21,57,70,100,2,1,1,2,1,3,2,0,2,1,1,3,2,3,3,2,1,2,2,1,1,2,2,4,4,3,4,4,80,52,93,73,100,65,81,74,16,25,25,91,85,66,60,48,92
"66",65,"sub0363",0,0,0,0,0,2,100,4,5,100,96,100,77,50,87,72,100,3,3,0,1,1,4,4,4,3,1,2,2,3,1,3,3,2,2,4,2,2,3,1,2,3,4,4,2,80,65,84,95,92,63,63,93,94,37,72,96,81,72,69,60,49
"67",66,"sub0077",0,0,0,0,0,52,100,5,12,100,77,49,100,78,74,86,100,4,4,1,2,3,4,4,4,4,4,4,4,3,3,3,4,3,4,2,1,1,3,2,4,4,4,4,3,69,73,72,85,100,84,92,100,58,72,100,100,81,69,65,58,73
"68",67,"sub0465",60,61,77,89,8,16,78,54,30,70,85,80,15,10,64,65,82,2,1,1,1,0,1,1,0,1,1,0,1,3,0,2,1,0,3,2,1,1,1,2,2,3,3,4,2,6,20,70,72,95,18,15,46,17,47,36,65,8,14,10,7,24
"69",68,"sub0527",0,0,0,0,0,45,74,48,42,100,100,100,64,8,4,74,100,3,1,2,1,3,3,3,4,1,3,3,3,4,2,4,1,3,3,1,1,1,1,1,3,3,3,3,2,48,66,33,42,56,45,52,91,60,63,84,67,51,44,48,55,57
"70",69,"sub0159",0,0,0,0,0,60,99,17,17,98,100,100,80,4,2,4,100,0,2,0,0,0,4,3,2,0,2,3,4,2,0,4,0,1,0,2,1,1,4,1,2,3,3,4,4,17,46,44,65,99,49,52,88,60,42,15,100,17,13,12,15,82
"71",70,"sub0007",0,0,0,0,0,50,100,0,0,100,100,100,100,0,0,0,100,3,2,1,2,1,3,3,3,3,1,0,3,4,0,2,3,4,1,1,1,1,1,1,2,4,2,4,1,28,53,51,59,52,50,47,67,28,59,100,54,51,19,22,27,100
"72",71,"sub0618",1,3,2,2,2,0,18,1,3,11,8,4,62,2,2,3,5,0,0,0,0,0,0,0,0,0,0,0,0,0,0,0,0,0,0,4,1,4,4,4,1,3,4,4,3,0,15,0,1,86,1,1,83,85,2,5,87,3,20,35,35,12
"74",73,"sub0232",0,0,0,0,0,20,76,70,49,71,85,81,55,60,71,79,78,2,3,3,3,3,3,4,1,2,3,3,4,3,3,4,3,4,2,3,2,1,1,2,2,2,2,3,2,11,40,9,6,74,10,52,78,31,30,81,79,18,11,16,26,20
"75",74,"sub0217",0,0,0,0,0,86,100,0,68,98,100,75,100,93,84,86,100,4,4,4,4,4,4,4,4,4,4,4,3,4,3,4,4,3,3,1,1,1,1,2,3,4,3,3,2,76,75,100,100,81,67,90,57,7,47,29,87,59,95,20,59,60
"76",75,"sub0338",28,15,1,1,1,13,84,4,7,27,87,82,35,14,8,11,79,1,1,3,3,4,3,1,2,4,3,3,1,3,1,3,4,1,3,3,2,4,1,3,2,3,2,3,3,10,78,20,23,58,14,11,86,65,76,1,5,54,66,47,85,55
"77",76,"sub0466",10,2,0,0,0,40,76,16,7,96,92,99,95,94,95,95,92,4,4,3,3,4,4,4,4,4,4,4,4,4,3,3,3,1,3,1,1,1,1,1,3,4,2,3,3,29,72,25,82,88,75,93,93,61,82,76,97,32,27,24,27,85
"78",77,"sub0487",0,0,0,0,0,29,73,21,29,84,84,71,72,36,76,71,83,3,3,1,3,2,3,3,1,3,3,3,4,3,1,3,3,2,3,1,1,1,1,3,4,4,3,3,3,71,68,66,86,80,77,82,64,31,55,65,84,65,70,78,83,79
"79",78,"sub0337",0,0,0,0,0,4,98,80,38,82,99,98,97,33,100,90,97,0,1,1,4,0,0,0,4,1,1,3,1,4,3,2,3,3,2,1,1,1,1,3,4,4,2,4,3,38,79,32,100,98,82,92,89,1,100,79,75,65,98,100,100,65
"80",79,"sub0029",5,0,0,0,0,7,77,58,63,88,100,65,73,82,92,100,100,4,4,2,2,4,4,3,3,3,4,4,3,4,4,3,4,3,3,3,3,3,3,3,3,3,4,4,3,12,78,75,100,100,96,71,51,38,84,98,57,63,25,41,57,93
"81",80,"sub0641",0,0,0,0,0,5,95,74,100,93,100,100,83,89,100,100,100,3,3,1,2,3,3,3,1,3,3,3,2,3,1,3,3,2,3,1,2,1,1,2,4,4,3,4,4,100,82,82,84,87,100,100,79,34,78,73,77,100,100,100,100,100
"82",81,"sub0048",7,0,0,0,0,9,32,27,44,53,47,49,56,21,51,49,46,0,0,0,0,0,1,2,2,0,1,0,0,0,0,0,0,0,0,3,3,3,3,3,2,2,4,4,3,1,12,57,54,47,50,28,48,42,1,28,38,10,11,24,24,31
"83",82,"sub0176",0,0,0,0,0,50,100,20,78,87,100,100,73,65,70,73,100,4,4,2,3,3,4,4,3,3,4,3,4,3,2,4,3,3,2,1,1,1,1,1,4,4,4,4,3,83,84,82,95,100,72,77,100,16,79,27,100,84,81,84,82,100
"84",83,"sub0478",0,1,0,0,0,82,78,13,0,97,16,0,99,77,100,84,71,4,3,3,3,3,3,3,3,4,3,3,3,3,3,3,4,4,3,1,1,1,1,1,4,4,1,4,2,40,91,31,87,79,79,76,80,87,99,27,65,37,25,28,50,87
"85",84,"sub0075",36,14,1,0,0,3,100,59,50,100,100,100,100,42,54,66,100,3,3,2,1,3,3,3,3,2,2,2,3,4,3,3,3,3,3,3,2,2,2,2,1,2,1,3,2,54,50,49,28,72,34,57,60,69,59,18,21,35,35,46,31,61
"86",85,"sub0264",0,0,0,0,0,0,100,14,68,77,100,100,98,69,82,84,100,4,3,3,2,4,4,4,2,3,4,3,4,4,4,4,4,4,3,2,1,1,1,1,3,4,3,3,2,52,50,78,82,100,51,71,97,14,54,69,90,52,78,76,73,11
"87",86,"sub0214",98,90,86,67,44,14,27,0,100,67,81,90,41,2,2,1,91,0,0,0,0,0,3,1,1,0,0,0,0,1,0,1,0,0,0,4,4,4,2,3,2,3,2,4,4,9,15,10,7,58,19,10,54,78,9,66,32,52,42,62,73,32
"88",87,"sub0575",8,4,0,0,0,26,36,24,40,67,100,94,94,83,58,36,96,3,3,3,3,4,3,3,3,3,3,3,4,2,2,4,3,4,3,1,1,1,1,1,2,4,3,3,2,96,91,93,94,92,62,87,97,86,50,70,77,100,81,86,81,97
"89",88,"sub0549",39,4,0,0,0,64,84,15,14,50,100,100,90,11,39,36,100,1,1,1,3,2,4,3,3,1,1,3,3,3,1,4,1,2,3,1,1,1,1,1,4,4,4,1,3,32,46,15,38,56,36,27,71,58,53,65,76,26,37,38,35,97
"90",89,"sub0109",0,0,0,0,0,19,100,0,0,50,75,100,85,51,50,52,94,3,4,4,0,4,4,4,4,3,4,4,4,4,1,4,3,4,4,4,1,1,2,2,3,4,3,4,3,17,65,79,95,94,90,85,75,22,41,70,59,71,15,14,14,97
"91",90,"sub0237",52,0,0,0,0,11,100,65,76,70,100,100,35,13,71,36,100,3,3,2,2,1,4,1,1,1,2,0,4,3,1,4,1,2,1,3,2,3,2,4,3,4,3,4,3,78,86,88,100,72,44,60,50,18,51,59,92,70,100,100,100,71
"92",91,"sub0639",19,15,7,8,6,18,32,4,22,4,88,83,2,1,93,88,67,1,1,0,1,1,1,0,0,0,0,0,3,0,0,3,1,1,1,1,1,1,2,3,3,3,2,3,3,36,66,77,82,24,36,15,46,4,60,11,25,61,41,87,85,86
"93",92,"sub0504",62,0,0,0,0,81,83,63,0,84,75,100,100,67,100,100,97,3,1,1,1,3,4,4,4,4,3,1,3,3,3,4,4,3,3,1,1,1,1,1,2,3,4,4,2,68,37,56,50,100,18,61,66,6,37,65,100,49,98,100,100,57
"94",93,"sub0034",1,0,0,0,0,1,97,2,0,97,99,82,96,59,62,64,97,1,0,0,1,3,0,3,1,0,0,1,3,1,1,3,1,3,1,1,1,1,1,2,1,3,2,3,2,85,94,14,56,93,74,84,96,3,2,84,88,86,85,87,84,91
"95",94,"sub0430",52,1,0,0,0,41,97,65,66,77,96,99,76,35,69,86,85,4,4,0,2,4,4,3,4,3,3,3,4,4,2,4,4,4,4,4,1,1,1,1,4,4,1,4,3,37,47,46,84,64,49,52,75,4,50,43,50,76,48,47,50,15
"96",95,"sub0244",0,0,0,0,0,14,100,97,95,100,100,100,100,52,51,51,100,1,3,0,3,3,2,3,2,2,4,3,4,4,4,4,3,3,4,1,1,1,1,1,4,4,4,4,4,35,68,38,24,47,30,38,72,5,55,78,67,66,70,90,93,52
"97",96,"sub0455",11,0,0,0,0,14,91,10,45,100,100,100,100,76,78,73,100,3,2,1,1,3,3,4,3,3,2,1,1,4,0,3,3,3,2,3,2,3,3,3,4,4,3,4,3,29,50,38,78,65,35,32,81,54,18,4,40,50,61,77,63,55
"98",97,"sub0630",28,15,6,0,0,79,93,21,19,33,78,99,72,0,7,1,93,3,3,1,3,3,3,4,3,1,3,3,3,3,1,3,3,3,1,2,1,2,1,2,3,4,3,3,3,5,64,28,29,49,40,48,82,55,32,95,95,16,24,33,45,65
"99",98,"sub0013",0,0,0,0,0,23,60,34,39,80,98,99,76,73,70,85,97,4,4,2,3,4,4,4,4,4,4,3,4,4,3,4,4,3,3,1,1,1,1,2,4,4,2,3,3,58,81,81,87,88,82,94,88,1,74,62,73,72,76,82,85,98
"100",99,"sub0265",0,0,0,0,0,6,98,50,50,87,96,97,68,4,2,4,93,2,3,2,3,4,4,3,0,0,3,3,4,3,2,4,3,2,4,1,1,1,1,1,4,4,3,4,2,51,69,75,71,66,50,51,90,20,70,7,63,68,52,51,52,94
"101",100,"sub0565",0,0,0,0,0,51,100,16,82,51,100,100,51,0,68,13,100,3,4,1,4,3,4,3,0,3,3,2,3,4,4,2,3,1,4,1,1,1,1,1,4,4,3,3,2,0,50,0,84,68,0,25,100,8,51,50,68,13,66,71,76,100
"102",101,"sub0196",39,11,8,9,2,0,83,33,16,79,98,97,53,61,80,80,93,3,3,0,0,1,1,3,2,4,3,1,0,1,1,0,4,0,1,4,3,3,4,4,2,2,2,4,4,19,51,33,32,78,54,17,89,78,27,20,19,19,12,14,13,88
"103",102,"sub0590",72,1,0,0,0,42,92,15,11,59,100,100,81,60,97,85,100,3,3,1,1,4,3,3,2,2,2,2,3,3,2,3,2,1,1,2,1,1,1,2,3,4,2,3,3,73,62,78,94,100,59,67,83,22,29,83,83,78,65,49,82,65
"104",103,"sub0521",0,0,0,0,0,100,75,100,100,100,100,100,100,32,100,100,100,4,4,3,2,3,4,4,4,1,1,3,4,4,4,4,1,3,4,2,1,1,1,2,4,4,3,2,2,33,100,20,78,75,77,93,53,32,100,74,100,61,69,100,100,75
"105",104,"sub0252",0,0,0,0,0,0,100,0,0,100,100,100,100,100,100,100,100,1,0,2,4,4,4,2,3,4,3,3,4,4,4,4,4,4,4,1,1,1,2,2,4,4,2,4,3,50,77,60,93,63,60,58,100,78,80,85,50,51,75,92,100,64
"107",106,"sub0340",51,40,24,16,5,60,85,3,2,84,50,49,65,82,96,98,55,3,3,2,1,2,4,4,1,3,3,1,2,2,2,3,4,3,3,1,1,1,1,1,4,4,3,3,1,52,91,71,88,71,76,66,86,65,87,20,74,51,52,67,82,90
"108",107,"sub0178",3,0,0,0,0,20,84,98,79,87,99,100,2,76,97,98,99,3,4,0,2,3,4,2,2,3,4,4,3,3,1,3,4,0,3,2,1,1,1,1,3,4,4,4,2,29,85,57,91,97,57,84,44,5,56,14,63,62,48,44,49,56
"109",108,"sub0212",0,0,0,0,0,56,53,60,54,100,100,57,38,65,84,57,100,3,3,2,1,3,4,4,1,3,3,3,4,3,3,4,4,3,3,2,1,2,3,3,3,4,3,4,4,24,42,45,65,69,71,77,82,68,23,61,59,38,56,86,94,43
"111",110,"sub0345",0,0,0,0,0,97,97,1,13,82,82,88,95,17,69,67,88,3,4,3,3,3,3,3,3,3,3,3,4,4,1,4,4,3,3,1,1,1,1,1,3,4,3,4,2,21,66,21,8,9,9,65,80,18,17,7,78,58,63,65,61,64
"112",111,"sub0277",0,0,0,0,0,0,93,0,0,52,57,2,91,15,16,5,57,3,3,4,4,4,3,2,1,1,3,3,4,4,0,4,4,4,3,2,1,1,1,3,4,4,4,4,2,50,55,69,100,97,94,61,98,0,66,85,72,51,50,52,58,95
"113",112,"sub0631",0,0,0,0,0,63,81,49,82,83,91,77,63,71,84,72,83,3,3,2,2,3,3,3,1,3,3,3,4,3,1,4,3,2,2,3,1,1,1,3,4,4,4,4,3,68,64,78,79,91,63,78,71,49,65,20,100,67,63,67,68,69
"114",113,"sub0008",30,22,13,2,0,1,99,76,76,100,100,100,82,92,97,99,100,3,4,3,3,4,4,4,3,4,4,4,4,4,4,4,4,3,3,4,4,4,3,4,4,4,4,4,4,66,96,39,60,83,87,85,98,92,83,96,91,77,83,87,88,96
"115",114,"sub0406",0,0,0,0,0,27,75,33,72,77,80,95,93,36,54,41,94,3,3,2,3,4,3,4,3,4,3,3,4,3,4,4,4,3,4,1,1,1,1,1,2,3,2,3,2,40,76,73,96,89,92,79,100,15,100,50,76,47,74,84,98,77
"116",115,"sub0404",0,1,1,0,1,33,80,56,22,51,92,98,58,58,56,57,65,1,1,2,3,3,3,3,1,4,2,2,3,4,3,3,4,3,1,2,2,2,2,3,1,2,4,4,3,66,80,81,79,81,78,73,55,43,66,66,71,70,65,69,68,82
"117",116,"sub0548",0,0,0,0,0,4,99,0,0,0,100,100,0,1,49,37,99,3,3,1,0,0,3,3,0,1,3,3,0,2,3,0,1,1,2,2,1,1,1,1,1,3,1,3,4,23,62,61,0,10,10,70,100,0,19,11,11,45,26,23,36,59
"118",117,"sub0591",0,0,0,0,0,0,74,0,0,78,77,0,66,39,59,83,82,3,3,3,3,3,4,4,2,2,2,1,3,4,3,4,2,3,3,1,1,1,1,3,3,4,2,1,3,56,80,60,69,100,50,64,100,0,66,23,100,65,75,100,100,77
"119",118,"sub0347",0,0,0,0,0,0,100,49,74,75,61,69,74,100,100,100,57,4,4,4,4,4,4,4,3,4,4,4,4,4,3,3,4,4,4,1,1,1,1,1,4,4,4,3,2,83,54,91,98,95,99,90,100,0,97,70,68,73,74,74,77,100
"120",119,"sub0488",99,84,78,65,52,11,93,97,94,99,96,99,98,4,0,1,100,0,0,0,0,0,0,0,0,0,0,0,0,0,3,2,0,0,4,3,3,2,2,2,3,3,4,4,2,2,31,5,10,20,0,8,10,7,5,14,32,5,13,15,17,19
"121",120,"sub0230",94,91,67,22,1,73,32,3,9,16,78,96,55,48,76,95,69,3,2,1,1,2,3,3,3,3,1,1,1,2,1,1,3,1,1,3,1,1,2,1,2,2,2,3,2,0,39,0,7,1,0,0,72,61,55,49,28,0,0,6,16,55
"122",121,"sub0352",0,0,0,0,0,50,72,22,50,100,100,100,96,68,79,77,100,4,4,1,2,3,4,4,4,4,4,4,4,4,1,4,4,4,3,3,1,2,3,4,4,3,2,3,2,85,83,80,100,63,82,49,87,32,97,33,67,49,73,62,37,70
"123",122,"sub0294",92,58,15,0,1,13,40,80,46,85,97,100,98,99,100,99,90,0,4,2,3,2,2,3,2,3,3,3,3,2,3,3,3,2,1,1,1,1,1,1,3,3,2,4,4,41,56,21,24,54,39,56,72,47,68,46,61,31,24,26,53,25
"124",123,"sub0374",0,0,0,0,0,4,100,96,80,100,100,100,100,99,91,79,100,4,4,4,0,3,4,4,4,3,4,4,4,4,4,3,3,3,3,4,1,3,3,2,4,2,2,4,3,67,92,60,56,80,72,86,100,63,79,85,88,89,89,83,81,83
"125",124,"sub0215",0,0,0,0,0,89,54,49,76,100,100,100,100,100,50,100,50,4,2,3,3,4,4,4,3,3,4,4,4,4,4,4,3,2,2,2,2,2,2,3,4,4,4,4,3,75,100,61,94,100,99,96,100,50,85,1,100,64,48,50,73,88
"126",125,"sub0055",22,0,0,0,0,60,100,59,83,57,100,100,51,77,88,100,100,4,3,4,4,4,4,3,4,4,3,3,4,3,4,4,3,4,4,3,1,1,2,1,1,1,3,4,1,47,100,37,89,100,74,63,100,0,100,100,100,56,50,62,50,62
"127",126,"sub0419",4,6,0,0,0,0,64,41,59,73,86,89,83,75,73,66,87,4,4,2,3,3,3,3,3,3,3,3,3,3,4,3,3,2,3,2,2,2,2,3,3,4,3,3,2,42,67,50,50,62,65,65,36,35,67,68,61,53,54,52,61,33
"128",127,"sub0584",62,34,23,5,0,67,94,6,11,78,96,90,91,42,76,25,92,3,3,1,0,3,3,2,3,1,1,0,0,1,0,0,3,2,0,2,3,3,1,3,2,3,2,4,2,36,79,26,82,63,41,77,79,51,65,76,61,39,38,39,41,66
"129",128,"sub0604",29,6,0,0,0,53,95,87,64,92,96,100,79,33,18,23,97,3,1,1,1,3,3,2,2,1,1,2,4,4,4,4,3,3,2,3,3,3,3,3,4,4,3,3,3,30,30,35,47,51,31,36,85,62,32,43,47,34,37,44,41,22
"130",129,"sub0204",62,39,34,18,17,37,69,56,37,78,100,75,57,37,67,71,100,3,3,2,2,3,4,3,2,2,3,1,4,4,2,3,3,2,2,2,1,1,2,1,3,3,4,3,3,55,75,60,99,88,61,75,61,32,80,49,90,62,67,64,91,55
"131",130,"sub0387",0,0,0,0,0,61,86,2,5,78,95,47,74,67,90,96,89,3,1,1,0,1,1,3,2,2,1,0,4,4,2,4,2,2,1,1,1,1,1,2,2,2,3,2,2,14,79,18,84,75,54,57,83,31,79,78,60,19,16,14,14,84
"132",131,"sub0471",77,9,3,2,0,3,55,0,2,1,99,100,2,9,9,5,95,0,0,0,0,0,0,0,0,0,0,0,1,0,0,3,1,0,0,4,1,1,1,1,4,4,2,1,4,2,16,80,26,24,17,72,94,6,20,15,17,31,19,17,42,23
"134",133,"sub0039",30,17,5,0,0,0,65,82,92,100,97,100,100,100,100,100,96,4,3,2,1,3,3,4,3,4,2,3,3,4,2,3,4,2,3,2,1,1,1,1,3,4,3,4,4,59,71,58,100,99,74,86,95,33,66,85,89,49,60,34,19,50
"135",134,"sub0596",0,0,1,1,0,100,96,56,60,76,66,71,78,1,0,1,75,0,0,4,4,3,3,4,4,1,2,2,2,2,0,0,0,2,2,4,4,4,4,4,1,3,4,4,3,1,2,0,0,48,0,0,100,100,0,4,37,0,5,2,3,22
"136",135,"sub0445",0,0,0,0,0,49,99,72,76,77,99,100,87,89,98,98,100,4,3,3,2,3,4,4,4,4,4,3,4,4,3,4,4,4,4,3,2,2,3,4,3,4,3,4,4,44,59,75,77,100,92,97,68,11,19,13,94,93,52,51,58,98
"137",136,"sub0429",1,0,0,0,0,3,88,0,0,80,92,76,63,56,55,63,96,4,3,4,3,4,4,4,3,3,3,3,4,3,2,4,3,3,2,1,1,1,1,1,2,4,2,4,2,51,50,60,50,97,57,58,89,40,17,0,55,58,57,69,50,89
"138",137,"sub0274",1,0,0,0,0,50,74,41,66,57,97,100,51,56,54,63,97,3,3,2,2,4,4,3,3,3,3,4,3,4,2,4,3,3,3,2,1,1,2,3,3,3,3,4,3,63,50,43,72,68,60,62,87,73,54,6,51,61,51,57,67,55
"139",138,"sub0292",19,18,11,5,1,6,80,7,9,67,9,8,69,12,12,13,7,3,1,0,0,1,3,4,2,2,2,3,3,3,3,3,3,1,1,3,1,1,1,1,3,3,2,2,2,17,14,18,13,50,19,25,84,15,20,5,12,24,14,18,14,14
"140",139,"sub0100",48,4,0,0,0,3,72,37,2,62,91,78,79,52,86,89,93,3,3,3,2,3,3,3,3,3,3,3,3,3,1,3,3,3,3,2,1,1,2,1,3,4,3,4,3,40,56,49,94,83,65,63,73,47,47,28,34,39,47,44,42,94
"141",140,"sub0362",46,60,56,71,56,61,55,68,85,59,57,43,55,66,74,55,71,3,2,1,3,2,3,3,1,3,3,2,3,3,3,2,1,3,2,2,2,1,2,3,2,4,3,2,3,88,58,65,61,49,68,61,74,60,63,73,55,45,57,70,73,63
"142",141,"sub0583",0,0,0,0,0,27,58,19,6,19,87,73,76,70,76,82,76,3,4,3,3,3,4,4,4,4,4,3,4,4,4,4,3,4,4,1,1,1,1,2,2,4,2,4,2,20,56,43,43,70,66,67,69,11,27,68,58,32,30,33,60,64
"143",142,"sub0002",0,0,0,0,0,26,100,21,2,47,95,99,95,64,100,99,100,3,3,2,3,3,1,3,2,3,3,3,3,4,0,2,2,3,4,2,1,1,2,2,4,4,4,4,4,37,67,39,93,100,100,100,87,81,29,8,68,22,60,100,100,64
"144",143,"sub0597",0,0,0,0,0,36,94,12,45,73,100,100,17,30,39,20,85,1,3,1,3,3,3,2,3,1,1,3,3,3,3,4,1,3,2,1,1,1,1,1,4,4,2,2,3,59,60,37,12,94,21,57,80,0,36,75,86,75,62,77,85,98
"145",144,"sub0541",2,0,0,0,0,53,58,61,73,56,67,61,57,82,83,84,65,4,4,4,3,3,4,4,3,3,3,3,4,4,4,4,4,3,4,2,2,2,2,2,3,3,3,3,2,52,66,64,64,60,65,69,62,60,75,80,84,50,71,76,80,64
"146",145,"sub0435",1,0,0,0,0,0,87,76,63,83,66,67,77,72,94,68,20,3,0,0,2,3,3,4,4,4,3,3,4,3,4,0,4,4,4,1,1,1,1,1,3,4,2,3,1,30,47,0,72,14,34,30,81,9,56,37,49,60,61,38,58,13
"147",146,"sub0462",0,0,0,0,0,3,100,37,21,33,100,100,33,4,2,1,100,2,1,1,0,1,2,3,2,3,2,2,2,2,1,3,2,0,2,4,4,3,3,4,2,2,4,4,4,0,47,0,0,100,0,2,100,55,9,100,100,1,5,11,22,45
"148",147,"sub0561",86,6,0,0,0,31,67,79,51,64,74,100,59,74,82,75,84,4,3,2,2,3,3,3,4,2,3,3,3,3,4,3,4,1,3,3,3,3,2,2,3,3,4,3,2,54,21,76,90,80,92,96,34,36,23,65,70,58,92,100,100,100
"149",148,"sub0422",33,0,0,0,0,31,73,75,13,95,90,77,74,82,94,85,71,3,3,3,3,3,3,3,2,4,3,3,4,3,1,4,3,3,3,1,1,1,1,2,4,4,4,4,4,70,87,84,85,84,93,90,28,29,88,76,84,92,88,87,87,86
"150",149,"sub0278",100,100,100,100,100,0,20,0,0,100,100,48,100,18,49,38,90,2,4,2,0,3,4,2,3,1,3,2,1,1,2,4,1,3,0,3,1,2,2,2,4,4,3,4,2,70,89,25,56,88,29,100,85,15,96,90,63,100,10,76,90,84
"151",150,"sub0638",0,3,0,0,0,48,50,18,25,16,75,51,61,71,70,67,64,3,3,1,2,3,4,4,4,3,1,2,1,1,0,0,2,2,2,2,2,2,2,2,2,2,2,2,2,52,50,53,53,52,54,54,55,51,90,98,85,50,51,52,51,52
"152",151,"sub0357",28,13,1,0,0,40,29,42,28,47,69,86,90,32,26,26,86,1,1,1,0,0,0,4,4,1,1,0,1,2,0,0,1,2,4,4,4,4,4,2,3,4,2,3,2,33,47,38,45,53,19,27,89,41,44,25,44,48,27,63,67,17
"153",152,"sub0426",0,0,0,0,0,51,60,13,14,75,78,73,71,61,73,52,92,3,3,2,3,4,3,4,3,3,4,3,3,3,2,3,3,3,3,4,4,4,4,3,3,3,4,4,3,71,93,37,38,96,80,99,63,20,72,97,90,70,78,74,67,68
"154",153,"sub0195",0,1,0,1,0,4,99,99,73,99,100,99,98,99,100,99,100,4,3,3,3,3,3,4,1,3,3,3,3,4,4,4,4,3,3,1,1,1,1,4,4,4,3,2,4,74,82,56,100,76,47,81,78,50,48,88,29,98,98,99,98,84
"155",154,"sub0420",0,0,0,0,0,0,100,0,0,100,100,100,64,28,39,55,100,3,3,4,4,4,4,3,0,2,3,3,4,4,2,3,3,3,4,3,1,1,3,1,2,4,4,4,4,34,33,23,100,100,0,26,100,28,39,0,42,61,53,47,52,100
"156",155,"sub0080",27,0,1,0,0,66,93,98,87,78,84,100,34,55,96,63,100,4,3,2,3,4,2,2,3,3,4,4,3,3,4,3,4,2,3,2,1,1,1,1,2,3,2,1,3,35,67,45,43,33,55,40,97,44,56,42,38,25,44,46,52,63
"157",156,"sub0243",98,50,22,17,9,83,17,5,7,52,66,89,13,11,49,47,64,0,0,0,0,0,0,0,0,0,0,0,0,0,0,0,0,0,0,4,3,1,3,1,2,2,3,4,3,8,46,93,91,91,10,17,45,49,49,79,19,22,22,14,12,100
"158",157,"sub0411",0,0,0,0,0,19,67,94,48,100,100,100,94,100,100,100,100,4,4,4,4,4,4,4,4,4,4,4,4,4,4,4,4,4,4,1,1,1,1,1,4,4,3,1,2,98,100,100,100,100,100,100,100,0,100,100,100,89,100,100,100,100
"160",159,"sub0409",0,0,0,0,0,62,71,62,36,100,77,50,91,83,88,88,69,3,3,2,3,4,3,3,3,3,3,3,3,3,1,3,3,3,3,2,1,1,1,1,3,4,4,4,3,59,100,79,100,100,82,66,51,20,92,50,97,63,65,61,62,100
"161",160,"sub0510",100,77,0,0,0,24,70,1,0,0,100,100,16,15,13,70,100,3,0,0,0,0,0,3,4,2,0,0,0,0,0,0,2,0,1,4,3,3,3,3,1,2,4,4,4,100,49,49,49,100,50,49,100,78,0,100,100,75,79,83,95,13
"162",161,"sub0446",0,0,0,0,0,26,72,0,0,73,46,39,71,0,0,0,43,0,0,1,0,3,3,0,0,0,3,3,3,3,0,3,2,3,2,2,1,1,1,4,2,4,3,4,2,6,81,0,0,79,9,13,73,0,40,0,31,5,71,73,67,100
"163",162,"sub0084",0,0,0,0,0,39,99,56,43,69,71,61,66,26,79,100,78,1,3,2,2,3,3,3,1,3,3,3,2,2,2,3,3,3,3,1,1,2,2,2,2,3,2,3,2,43,70,24,64,24,32,36,87,79,18,5,29,55,63,72,72,70
"164",163,"sub0238",69,23,12,5,5,23,66,21,67,91,81,49,73,25,65,67,72,3,3,1,1,3,3,3,3,3,3,3,1,3,0,2,3,1,3,1,1,1,1,1,2,3,2,3,3,73,15,70,75,89,10,77,62,14,10,8,63,62,23,26,65,65
"165",164,"sub0415",0,0,0,0,0,0,98,30,63,87,100,100,28,6,64,55,100,2,1,0,0,1,1,0,0,0,2,2,3,1,0,3,2,0,1,1,1,1,1,1,2,3,4,4,4,13,54,33,88,94,24,48,84,42,61,74,86,45,59,70,70,38
"166",165,"sub0397",0,0,0,0,0,1,99,2,2,99,98,99,85,2,17,21,99,3,3,1,1,3,4,4,3,2,3,2,4,4,3,4,3,1,4,2,1,1,1,2,2,2,1,3,4,0,25,65,48,3,31,75,100,20,0,0,0,81,31,16,13,54
"167",166,"sub0473",0,0,0,0,0,15,99,100,9,99,100,100,86,80,88,81,100,4,4,1,0,3,4,4,4,3,4,3,4,4,4,4,4,2,4,1,1,1,1,1,4,3,3,4,3,49,80,48,92,85,87,94,91,35,90,50,76,74,51,49,70,74
"168",167,"sub0598",0,0,0,1,0,0,100,100,100,100,100,100,100,100,100,100,100,4,4,4,4,4,4,4,4,4,4,4,4,4,4,3,4,4,4,3,4,3,4,4,4,4,4,4,4,87,100,100,100,100,100,99,88,0,100,100,100,53,52,51,52,100
"169",168,"sub0552",2,1,1,0,1,14,96,6,4,73,100,94,61,26,70,66,100,1,3,3,3,3,3,1,1,1,3,3,3,4,0,4,1,2,3,1,1,1,3,1,3,3,1,3,3,49,36,62,76,2,42,35,94,57,56,0,9,66,40,34,50,41
"170",169,"sub0464",0,0,0,0,0,8,94,2,0,68,89,100,92,20,88,92,93,3,3,0,1,1,3,3,4,3,3,3,4,4,1,4,4,2,3,1,1,1,1,2,2,3,2,4,3,8,65,14,17,90,19,19,99,77,17,0,11,12,11,15,18,66
"171",170,"sub0329",1,0,0,0,0,0,100,3,27,85,100,100,94,18,67,59,100,4,4,3,4,3,4,4,4,3,4,4,4,4,4,3,4,4,4,1,1,1,1,1,3,4,1,2,2,24,91,12,19,92,52,51,100,6,60,12,59,78,100,100,100,99
"172",171,"sub0479",0,0,0,0,0,58,66,91,87,90,100,100,93,98,100,92,99,4,4,4,4,4,4,4,4,4,4,4,4,4,2,4,4,4,4,4,4,3,3,4,4,4,4,4,3,82,76,98,100,100,99,100,67,56,92,100,100,60,70,85,83,75
"173",172,"sub0290",72,4,4,6,4,19,76,84,4,96,92,93,84,4,4,7,87,1,1,1,0,0,0,2,2,0,1,0,3,1,3,2,1,1,1,1,1,1,3,3,3,3,3,4,2,87,13,14,17,73,22,25,76,74,12,13,18,69,81,76,77,74
"174",173,"sub0137",15,0,0,0,0,74,90,65,51,85,85,92,73,74,81,80,94,4,3,3,3,4,4,3,3,3,3,3,4,4,2,4,4,1,4,2,1,1,1,1,3,3,3,3,3,60,70,55,82,71,62,69,81,54,84,50,68,75,76,63,57,81
"175",174,"sub0585",2,0,0,0,0,4,100,63,100,81,100,100,42,57,91,88,100,3,3,3,2,3,3,3,3,4,3,3,3,3,1,3,4,1,3,3,1,1,2,3,4,4,3,4,4,35,16,23,80,97,65,89,97,62,6,26,71,66,35,46,37,30
"176",175,"sub0183",0,0,0,0,0,0,0,0,0,0,68,100,100,4,23,0,51,1,0,0,3,0,2,2,2,0,0,1,1,3,2,2,1,2,4,1,1,1,1,1,4,4,3,3,2,50,86,0,0,50,50,50,89,50,66,63,84,50,50,74,76,82
"177",176,"sub0314",0,0,0,0,0,77,94,60,64,61,76,78,78,81,84,83,77,3,3,4,3,4,3,3,3,3,3,4,4,4,3,4,3,3,4,1,1,1,1,1,2,3,1,2,2,14,81,66,70,35,30,26,77,0,49,19,62,14,75,77,88,6
"178",177,"sub0190",0,0,0,0,0,1,80,100,100,100,100,100,100,100,100,100,96,4,4,3,4,4,4,4,4,4,4,4,4,4,4,4,4,4,4,3,1,1,2,3,4,4,4,4,3,99,100,100,98,100,100,98,99,95,100,99,96,99,100,100,99,99
"179",178,"sub0146",0,0,0,0,0,27,100,0,0,92,100,100,78,83,99,99,100,4,4,3,4,4,4,4,4,3,4,4,4,3,2,3,3,3,4,1,1,1,1,3,2,4,2,4,3,51,76,100,100,100,80,77,72,11,38,65,84,55,52,50,49,66
"180",179,"sub0073",10,0,0,0,0,0,78,0,0,82,87,37,0,69,89,87,83,3,3,3,2,3,3,1,3,2,3,3,3,3,1,4,3,3,4,1,1,1,1,1,4,4,3,3,2,70,52,78,98,82,82,77,66,16,71,73,84,79,76,77,82,50
"181",180,"sub0438",48,25,10,1,0,9,44,19,16,33,74,76,50,18,12,12,77,0,3,2,0,2,3,0,0,0,1,1,2,2,2,4,1,1,1,2,1,1,1,2,3,3,4,4,4,12,75,5,11,21,13,39,94,27,33,5,29,30,23,39,57,87
"182",181,"sub0156",0,0,0,0,0,77,100,100,78,100,100,100,100,100,100,100,100,4,4,4,4,4,4,4,4,4,4,4,4,4,4,4,4,4,4,1,1,1,1,1,4,4,4,4,4,78,83,100,95,100,96,98,100,47,75,100,100,98,56,100,100,100
"183",182,"sub0476",0,0,0,0,0,14,97,49,34,95,96,50,70,61,78,59,98,4,4,1,2,4,4,4,3,3,4,4,4,3,1,3,3,1,4,1,1,1,1,2,3,4,3,4,3,70,27,29,84,99,85,77,78,39,88,0,96,67,61,68,74,50
"184",183,"sub0015",0,0,0,0,0,12,100,0,0,99,100,100,89,18,100,100,100,4,3,1,2,3,3,4,4,4,4,4,4,4,4,4,4,3,4,2,1,2,1,1,3,4,1,4,4,19,74,66,99,67,19,39,68,59,74,4,50,33,22,53,86,50
"185",184,"sub0407",1,0,0,0,0,66,72,72,28,83,84,92,80,81,88,100,94,3,3,3,3,4,4,3,4,4,4,4,4,4,4,4,4,4,4,2,1,1,1,2,3,4,2,3,2,11,74,98,81,80,78,88,18,19,67,58,63,33,45,57,60,76
"186",185,"sub0577",8,0,0,0,0,17,69,50,49,50,50,30,70,72,49,63,49,1,0,0,2,2,3,3,2,3,3,2,4,4,2,4,4,3,4,4,4,4,4,4,4,4,4,4,4,46,63,100,82,89,82,93,81,0,68,70,54,52,62,68,81,62
"187",186,"sub0111",0,0,0,0,0,95,84,0,0,39,87,84,64,50,85,86,83,3,4,3,4,3,3,3,0,3,4,4,4,4,0,3,4,3,3,2,1,1,1,1,3,4,3,3,2,22,73,49,95,100,21,66,89,10,72,49,69,24,25,39,66,1
"188",187,"sub0535",0,0,0,0,0,45,100,100,80,99,96,19,100,100,100,100,98,4,4,4,4,4,4,4,4,4,4,4,4,4,4,4,4,4,4,1,1,1,1,1,4,4,4,4,4,71,100,100,100,100,100,100,97,0,100,79,93,97,95,100,100,100
"189",188,"sub0544",0,0,0,0,0,0,100,55,82,0,63,4,100,0,35,33,70,1,1,0,0,3,3,3,4,2,3,3,3,3,1,4,1,2,1,1,1,1,1,1,2,2,3,4,2,65,20,31,93,94,85,78,100,0,93,86,95,86,66,58,55,12
"190",189,"sub0273",38,0,0,0,0,39,69,42,27,67,100,100,72,69,85,92,99,3,3,1,1,3,3,4,1,3,3,3,3,4,3,1,3,3,4,1,1,1,1,2,4,4,3,4,3,81,77,96,91,85,80,78,55,32,68,72,77,56,73,89,100,53
"191",190,"sub0624",0,0,0,0,0,1,61,0,59,68,84,78,58,29,57,67,77,2,2,2,2,3,3,1,3,1,1,3,3,3,1,3,3,3,3,2,1,3,3,3,2,2,4,3,3,48,51,50,51,57,56,54,54,59,70,74,61,53,51,49,50,49
"192",191,"sub0311",0,0,0,0,0,32,87,74,49,78,100,99,71,85,94,81,98,4,3,3,3,4,4,4,3,4,3,4,3,4,2,1,4,4,4,2,1,1,2,2,3,4,3,4,2,75,49,61,85,78,68,76,56,37,51,23,75,81,79,78,79,67
"193",192,"sub0261",31,1,2,4,3,3,91,46,51,50,100,100,71,37,86,95,98,4,4,2,4,3,3,4,1,3,4,4,4,4,3,4,3,3,4,1,1,1,1,2,4,4,2,3,3,51,52,83,97,33,51,53,96,1,48,7,13,59,52,51,50,87
"194",193,"sub0490",0,0,0,0,0,2,88,34,61,100,100,100,89,61,85,100,100,4,3,1,3,3,4,3,3,3,2,3,3,3,0,4,4,2,3,2,1,1,2,3,3,4,2,4,4,54,39,72,100,94,38,68,79,52,37,14,74,62,70,81,92,66
"195",194,"sub0127",0,0,0,0,0,80,100,60,62,80,100,100,29,56,82,93,100,4,4,3,2,4,4,4,2,4,4,4,4,4,4,2,4,3,4,1,1,1,1,1,3,4,3,2,1,77,70,83,100,74,77,80,100,11,69,19,62,83,81,69,65,95
"196",195,"sub0175",55,0,0,0,0,71,99,99,70,98,99,99,99,74,100,98,99,3,3,0,1,3,3,4,3,3,1,3,3,4,3,4,4,0,3,3,3,3,3,2,2,3,1,4,3,90,74,71,95,78,56,81,100,72,52,26,39,94,97,96,96,98
"197",196,"sub0434",2,0,0,0,0,88,75,78,61,99,96,91,100,96,95,97,96,4,4,3,4,4,4,4,4,4,3,3,4,4,4,3,4,3,3,2,1,2,2,3,4,4,4,4,4,27,28,54,61,60,52,53,77,38,36,66,48,26,33,29,28,21
"198",197,"sub0424",0,0,0,0,0,76,98,2,0,100,100,100,100,100,100,100,100,4,4,4,4,4,4,4,4,4,4,4,4,4,4,4,3,4,4,1,1,1,1,1,4,4,4,3,2,100,100,100,100,99,99,100,98,0,100,100,100,99,100,100,100,100
"199",198,"sub0396",0,0,0,0,0,83,100,100,100,100,100,100,100,100,100,100,100,4,4,4,4,4,4,4,4,4,4,4,4,4,3,4,4,4,4,4,1,1,4,1,4,4,4,4,2,23,100,100,100,100,100,100,88,0,100,0,100,25,14,46,47,100
"200",199,"sub0122",100,49,26,5,0,0,50,0,0,100,51,51,100,4,7,13,53,3,2,1,0,2,1,4,3,3,1,1,1,3,3,1,3,2,3,4,4,4,4,4,4,4,4,4,4,0,0,1,0,100,0,0,88,84,1,100,100,1,0,1,1,49
"201",200,"sub0133",95,0,0,0,0,100,99,51,98,100,100,100,100,51,65,75,100,3,3,1,3,0,1,3,1,2,3,1,0,3,3,3,2,2,2,3,3,3,3,3,3,3,3,3,3,0,78,49,55,69,71,76,100,51,100,100,99,1,9,36,33,100
"202",201,"sub0315",1,0,0,0,0,8,91,5,4,84,99,100,100,99,100,99,100,4,4,3,3,3,3,4,4,3,3,3,3,3,4,4,4,3,4,1,1,1,1,4,3,4,3,4,3,44,84,71,69,88,32,73,100,46,30,65,80,69,71,77,63,100
"203",202,"sub0161",0,0,0,0,0,52,100,17,24,67,100,100,53,83,82,84,100,3,3,2,3,3,3,3,2,3,3,3,3,3,2,4,3,3,3,2,2,2,2,3,4,4,3,4,4,62,60,8,73,78,64,78,73,61,50,41,45,66,67,80,82,52
"204",203,"sub0065",2,0,0,0,0,0,100,0,0,9,99,100,56,69,90,99,99,4,4,4,1,3,4,4,2,2,2,2,3,4,0,4,3,4,4,2,1,1,2,2,2,4,2,3,3,72,100,84,100,68,89,69,97,58,51,16,69,89,77,87,89,100
"205",204,"sub0629",100,51,32,12,0,99,88,0,52,75,91,94,87,7,60,62,91,1,0,1,1,0,0,3,1,1,2,2,1,4,3,3,3,2,3,3,3,3,3,3,2,2,2,1,2,0,31,59,25,76,52,55,75,65,32,87,85,54,48,38,47,39
"206",205,"sub0206",0,0,0,0,0,1,100,75,79,99,100,100,94,49,81,97,100,4,4,4,2,3,4,4,4,3,4,3,4,3,4,4,3,3,3,2,2,1,2,2,2,4,2,4,4,44,86,0,0,76,55,39,95,1,49,86,59,24,49,55,54,98
"207",206,"sub0192",3,0,0,0,0,56,90,78,71,88,81,89,91,49,60,47,92,3,3,4,4,4,3,4,3,3,4,3,4,4,2,4,3,4,3,3,2,3,2,2,2,3,3,4,4,42,68,35,67,89,51,64,71,41,20,35,78,53,73,32,50,88
"208",207,"sub0395",0,0,0,0,0,37,83,74,89,77,82,80,73,29,40,36,78,3,3,3,3,3,3,3,3,3,3,3,3,3,4,4,3,3,4,1,2,2,1,3,3,3,3,3,4,70,90,85,88,87,89,90,52,86,69,85,72,78,71,64,58,75
"209",208,"sub0571",18,0,0,0,0,48,23,10,19,71,62,57,58,49,59,68,58,2,1,1,1,3,3,3,3,3,3,3,3,2,1,3,1,1,2,2,1,2,2,2,3,3,3,3,3,58,69,50,51,85,68,70,50,38,80,85,85,60,63,61,66,85
"210",209,"sub0412",79,4,6,0,0,15,4,65,9,96,92,27,99,70,99,98,23,4,4,0,0,3,4,4,4,4,3,3,4,3,0,2,3,1,4,3,1,1,3,2,2,3,2,4,3,31,17,5,76,80,9,24,81,94,40,28,89,11,49,5,43,68
"211",210,"sub0330",0,0,0,0,0,75,100,76,77,100,100,100,100,78,86,100,98,3,3,1,1,2,3,4,4,3,3,3,2,4,3,4,3,3,4,4,4,4,4,4,4,4,4,4,4,82,100,46,62,79,88,100,70,33,90,89,90,97,100,100,100,80
"212",211,"sub0447",51,0,0,0,0,100,95,48,51,51,98,93,94,92,100,38,100,3,3,2,2,4,3,3,3,3,3,2,3,4,0,3,4,2,4,1,1,1,1,1,2,3,2,4,2,36,59,97,99,92,62,92,96,39,52,12,49,44,43,82,79,82
"213",212,"sub0171",4,0,0,0,0,3,79,51,40,50,50,94,92,88,100,100,51,3,3,1,3,3,3,3,1,3,4,3,4,3,1,4,3,2,2,2,2,3,3,4,4,4,4,4,4,94,61,100,100,100,100,100,90,36,91,94,100,99,96,85,89,100
"214",213,"sub0610",0,0,0,0,0,1,20,0,50,55,60,1,76,74,75,78,65,3,3,0,3,3,4,2,3,3,3,3,4,2,0,4,4,2,2,1,1,1,1,2,3,4,2,4,3,84,83,65,83,57,75,73,72,10,76,83,82,80,50,52,89,86
"215",214,"sub0530",0,0,0,0,0,53,100,52,52,54,100,100,53,71,83,97,100,3,3,3,2,3,3,3,3,3,3,3,3,3,3,3,3,3,3,2,1,1,1,1,3,3,3,3,3,95,51,93,95,94,95,96,97,97,51,0,100,97,88,88,94,93
"216",215,"sub0200",0,0,0,0,0,31,100,100,100,100,100,100,100,50,75,100,100,4,4,1,2,3,4,4,4,4,3,4,4,4,3,4,4,3,4,2,1,1,2,2,4,4,4,4,4,51,97,64,61,100,64,61,100,30,78,93,93,72,52,41,51,92
"217",216,"sub0371",75,52,53,48,42,51,42,56,44,92,100,50,52,42,60,41,66,0,2,2,1,2,1,2,1,2,2,2,1,1,3,2,1,2,2,3,2,3,3,2,3,3,2,2,2,32,48,49,38,61,37,53,72,41,47,57,33,59,49,67,50,50
"218",217,"sub0210",0,0,0,0,0,0,47,6,25,38,52,39,66,59,81,100,52,3,2,0,0,1,2,3,2,1,2,2,3,2,1,4,2,2,3,1,1,1,1,1,4,4,2,3,3,51,75,50,52,71,73,84,90,54,66,81,68,62,60,60,49,90
"219",218,"sub0301",0,0,0,0,0,4,94,50,49,22,49,2,3,4,4,2,50,3,3,2,3,3,3,3,1,2,2,3,2,1,3,2,3,2,2,3,1,1,2,2,3,3,4,4,3,48,82,3,4,95,51,52,93,51,49,94,94,50,92,100,100,82
"220",219,"sub0094",72,72,72,54,15,0,1,0,0,65,77,67,71,2,2,5,58,3,0,0,0,0,1,3,1,1,1,0,1,1,0,2,1,0,1,1,1,1,1,2,2,2,2,2,1,64,38,3,0,63,15,0,77,62,35,42,54,28,25,35,49,70
"221",220,"sub0640",0,0,0,0,0,0,73,52,53,54,51,100,94,78,76,59,98,3,3,3,4,2,2,3,3,3,1,1,3,2,2,2,2,1,2,1,2,2,1,1,1,4,3,4,4,38,63,67,57,65,73,72,62,58,69,87,86,82,73,77,73,63
"222",221,"sub0202",1,0,0,0,91,100,94,15,34,34,41,46,53,50,79,82,37,4,4,4,4,3,3,3,3,3,3,3,3,4,3,3,4,4,3,4,4,4,4,4,4,4,4,4,4,94,84,86,84,83,87,99,89,96,89,52,81,80,82,85,83,81
"223",222,"sub0268",1,0,0,0,0,47,100,28,73,100,81,100,53,16,69,50,83,3,3,3,1,3,4,4,1,3,3,3,4,2,2,1,3,2,4,2,3,2,1,3,3,3,3,4,3,65,86,77,79,77,71,79,84,26,67,51,76,71,71,79,68,94
"224",223,"sub0459",0,0,0,0,0,0,100,7,28,78,100,100,33,58,62,64,100,2,4,3,2,4,4,2,1,3,4,3,3,3,3,4,3,3,3,1,1,1,1,1,1,1,2,2,1,59,68,64,69,64,34,40,80,29,62,62,70,56,59,63,75,74
"225",224,"sub0150",60,22,8,7,3,51,31,26,19,58,90,80,48,18,72,71,85,3,1,1,1,1,1,2,4,1,2,1,1,3,1,2,1,2,2,4,4,4,4,4,2,2,3,4,4,12,44,12,32,75,25,20,79,77,18,9,48,14,12,19,9,68
"226",225,"sub0492",0,0,0,0,0,5,100,100,26,100,100,100,100,100,100,100,100,4,4,2,4,4,4,4,4,4,4,2,4,4,4,4,4,4,4,1,1,1,1,1,4,4,3,4,4,95,100,100,100,100,100,100,98,1,100,34,69,99,100,100,91,100
"227",226,"sub0482",0,0,0,0,0,48,100,48,46,49,100,99,53,48,47,30,100,2,3,2,2,2,4,4,4,4,0,3,3,4,4,2,4,0,2,1,1,1,1,1,1,1,1,1,1,0,2,0,0,0,0,0,100,1,1,36,12,1,7,27,49,0
"228",227,"sub0239",22,11,8,2,1,37,79,93,91,89,96,94,62,62,66,57,94,3,3,3,3,3,4,2,1,3,3,3,4,4,3,3,4,4,4,3,3,3,4,1,4,3,4,4,3,72,56,68,74,97,95,81,85,73,71,83,73,81,74,84,94,48
"229",228,"sub0524",71,75,43,27,11,72,74,15,7,83,63,91,35,91,79,83,77,1,1,1,1,0,0,0,0,0,1,1,1,1,1,1,1,0,1,1,1,1,1,2,3,3,3,4,3,52,87,84,74,81,90,85,82,87,75,93,83,60,66,64,84,73
"230",229,"sub0258",0,0,0,0,0,6,51,52,64,87,100,95,99,100,97,98,96,3,3,3,3,3,3,3,3,3,3,3,3,3,3,3,3,3,4,3,2,1,1,3,3,3,3,4,3,10,50,13,75,87,85,55,95,66,49,49,59,22,41,63,77,21
"231",230,"sub0376",0,0,0,0,0,62,100,49,68,65,100,100,66,65,82,81,100,1,4,3,3,4,4,4,4,4,4,4,3,4,3,4,4,4,4,1,1,1,1,1,4,4,4,4,3,48,74,73,76,100,95,95,92,14,59,62,100,61,59,62,64,77
"232",231,"sub0595",0,0,0,0,0,0,93,0,0,16,100,100,100,100,100,100,100,4,4,1,1,0,3,4,1,4,4,1,4,4,2,4,4,0,2,1,1,1,1,1,4,2,4,2,4,19,54,34,61,62,94,91,100,17,94,94,87,88,55,90,74,100
"233",232,"sub0298",0,0,0,0,0,95,100,82,72,88,100,100,83,0,0,0,100,0,0,0,0,0,0,0,0,1,0,0,0,0,0,0,3,2,0,4,1,1,2,2,4,4,3,4,2,0,50,0,0,55,0,0,80,33,0,4,32,0,53,78,87,0
"234",233,"sub0216",4,0,0,0,0,1,76,2,7,73,83,90,84,9,79,67,90,3,3,3,3,3,3,3,3,3,3,2,4,3,3,3,1,3,3,1,1,1,1,1,2,2,2,3,1,24,53,0,0,63,0,50,67,49,2,27,55,58,66,75,68,77
"235",234,"sub0054",0,0,0,0,0,8,20,18,0,71,48,85,78,6,60,8,51,1,3,1,2,3,4,4,3,3,1,3,1,4,0,3,4,2,2,1,1,1,1,1,2,3,2,3,2,50,66,51,48,74,39,40,72,47,35,49,66,43,43,64,62,77
"236",235,"sub0270",0,0,0,0,0,68,89,76,19,84,65,67,85,100,100,100,63,4,4,4,4,4,4,4,4,4,4,4,4,4,4,4,4,4,3,1,1,1,1,2,4,4,3,4,4,91,86,82,94,100,100,100,74,33,97,83,77,78,75,82,81,84
"237",236,"sub0522",0,0,0,0,0,39,98,48,50,72,100,51,100,50,51,49,100,0,4,4,4,4,3,4,1,4,4,3,4,4,4,3,4,4,4,1,1,1,1,1,3,4,2,3,1,52,44,51,50,79,65,71,50,6,61,50,97,31,62,77,100,64
"238",237,"sub0334",67,0,0,0,0,0,72,0,0,71,87,100,55,64,100,100,79,2,4,1,1,0,3,3,1,3,1,2,2,1,3,4,4,0,2,1,4,1,1,1,4,4,4,4,3,18,73,79,23,68,12,62,91,4,19,72,88,18,85,100,100,75
"239",238,"sub0448",20,18,10,8,4,63,70,18,11,68,71,58,50,41,55,30,80,2,1,3,3,1,3,3,3,1,3,2,3,3,4,3,2,3,1,1,1,1,1,2,2,2,3,3,2,32,64,24,12,77,17,61,36,27,17,18,77,63,34,28,29,50
"240",239,"sub0142",17,11,3,0,0,17,22,28,64,92,92,97,96,9,7,1,97,3,2,3,3,2,2,1,3,3,3,1,3,1,2,2,3,4,1,2,1,1,2,1,3,4,2,4,2,24,23,5,0,70,13,25,78,21,26,30,44,35,35,51,65,68
"241",240,"sub0505",0,0,0,0,0,23,90,28,54,96,100,100,90,100,100,100,100,2,3,3,2,2,2,4,1,3,2,2,3,3,1,3,4,2,3,1,1,1,2,2,4,4,2,3,3,34,99,69,86,86,84,90,89,11,50,28,86,35,16,13,16,95
"242",241,"sub0250",46,0,0,0,0,0,100,0,0,4,57,81,13,0,51,0,72,0,1,0,0,1,4,3,0,0,0,0,0,4,0,0,0,4,0,4,1,4,3,3,3,3,4,4,2,50,50,0,0,100,50,49,100,49,50,50,100,50,50,50,50,49
"243",242,"sub0436",0,0,0,0,0,100,100,50,36,83,100,100,100,100,100,100,100,3,3,3,3,4,4,4,3,3,3,3,3,3,3,4,3,2,2,1,1,1,2,2,4,4,4,4,3,88,51,74,87,86,76,87,72,5,69,66,78,83,100,100,100,62
