,subjectID,Behavior20,Behavior21,Behavior22,Behavior23,Behavior24,Behavior25,Behavior26,Behavior27,Behavior28,Behavior29,Behavior30,Behavior31,Behavior32,Behavior33,Behavior34,Behavior35,Behavior64,Fear_of_everyday_situations441,Fear_of_everyday_situations445,Fear_of_everyday_situations447,Fear_of_everyday_situations449,Fear_of_everyday_situations453,Fear_of_everyday_situations454,Fear_of_everyday_situations462,Risk_perception1,Risk_perception10,Risk_perception110,Risk_perception111,Risk_perception112,Risk_perception113,Risk_perception114,Risk_perception115,Risk_perception116,Risk_perception2,Risk_perception3,Risk_perception4,Risk_perception5,Risk_perception6,Risk_perception7,Risk_perception8,Risk_perception9
0,sub0509,79.0,57.0,7.0,0.0,0.0,10.0,21.0,0.0,12.0,100.0,80.0,100.0,98.0,75.0,77.0,75.0,79.0,3.0,1.0,3.0,1.0,1.0,3.0,1.0,68,78.0,76.0,85.0,81.0,87.0,55.0,77.0,23.0,7,14,70,60,70.0,78.0,75.0,100.0
1,sub0071,0.0,0.0,0.0,0.0,1.0,14.0,21.0,34.0,16.0,73.0,67.0,9.0,17.0,10.0,69.0,21.0,23.0,3.0,3.0,3.0,3.0,2.0,4.0,3.0,29,70.0,23.0,55.0,58.0,60.0,70.0,35.0,19.0,49,65,61,37,49.0,50.0,60.0,52.0
2,sub0201,14.0,0.0,0.0,0.0,0.0,65.0,69.0,26.0,75.0,82.0,86.0,100.0,69.0,0.0,100.0,100.0,100.0,3.0,4.0,4.0,3.0,4.0,4.0,3.0,17,100.0,100.0,100.0,100.0,100.0,100.0,85.0,14.0,100,81,72,22,45.0,61.0,87.0,3.0
3,sub0225,37.0,0.0,0.0,0.0,0.0,21.0,77.0,49.0,49.0,76.0,88.0,100.0,67.0,24.0,18.0,14.0,100.0,2.0,2.0,2.0,2.0,2.0,3.0,2.0,25,36.0,62.0,54.0,62.0,40.0,56.0,58.0,40.0,37,69,48,56,59.0,66.0,81.0,53.0
4,sub0185,0.0,0.0,0.0,0.0,0.0,18.0,94.0,57.0,74.0,61.0,77.0,99.0,61.0,83.0,84.0,84.0,88.0,4.0,4.0,4.0,4.0,4.0,4.0,3.0,87,97.0,99.0,99.0,78.0,91.0,100.0,58.0,1.0,93,65,69,86,81.0,83.0,81.0,50.0
5,sub0367,0.0,0.0,0.0,0.0,0.0,1.0,99.0,0.0,1.0,94.0,78.0,64.0,74.0,32.0,89.0,87.0,87.0,3.0,1.0,3.0,3.0,1.0,3.0,3.0,32,40.0,35.0,71.0,25.0,40.0,36.0,86.0,91.0,52,15,14,22,15.0,26.0,15.0,29.0
6,sub0499,8.0,0.0,0.0,0.0,0.0,0.0,100.0,0.0,6.0,100.0,99.0,89.0,86.0,4.0,69.0,100.0,96.0,3.0,4.0,3.0,2.0,3.0,3.0,3.0,42,100.0,21.0,96.0,91.0,68.0,94.0,93.0,18.0,53,72,77,56,52.0,58.0,64.0,98.0
7,sub0236,0.0,0.0,0.0,0.0,0.0,36.0,91.0,50.0,62.0,64.0,87.0,92.0,83.0,68.0,63.0,59.0,81.0,3.0,4.0,4.0,3.0,4.0,4.0,3.0,61,63.0,56.0,86.0,91.0,77.0,68.0,36.0,25.0,75,93,98,69,53.0,45.0,37.0,42.0
8,sub0346,40.0,14.0,0.0,0.0,0.0,0.0,7.0,62.0,51.0,63.0,50.0,62.0,50.0,33.0,25.0,49.0,14.0,2.0,2.0,2.0,2.0,2.0,2.0,2.0,39,51.0,28.0,49.0,50.0,50.0,51.0,54.0,30.0,40,53,51,39,49.0,50.0,61.0,55.0
9,sub0644,0.0,0.0,0.0,0.0,0.0,29.0,76.0,0.0,0.0,50.0,84.0,28.0,52.0,21.0,75.0,46.0,69.0,3.0,3.0,3.0,2.0,2.0,3.0,2.0,37,59.0,32.0,82.0,36.0,46.0,49.0,88.0,46.0,70,55,32,45,43.0,40.0,40.0,48.0
10,sub0031,64.0,21.0,5.0,0.0,0.0,0.0,48.0,63.0,19.0,5.0,78.0,87.0,91.0,73.0,91.0,91.0,92.0,4.0,3.0,4.0,4.0,1.0,2.0,2.0,5,66.0,7.0,86.0,57.0,70.0,86.0,85.0,26.0,37,16,68,9,16.0,23.0,28.0,59.0
11,sub0601,13.0,0.0,0.0,0.0,0.0,0.0,49.0,0.0,0.0,0.0,47.0,12.0,0.0,0.0,0.0,0.0,24.0,0.0,0.0,0.0,0.0,0.0,0.0,2.0,50,28.0,14.0,5.0,0.0,0.0,11.0,51.0,38.0,4,0,0,47,48.0,48.0,46.0,49.0
12,sub0613,25.0,0.0,0.0,0.0,0.0,32.0,96.0,55.0,87.0,96.0,95.0,48.0,37.0,98.0,100.0,100.0,97.0,2.0,1.0,3.0,3.0,1.0,2.0,3.0,76,99.0,97.0,100.0,100.0,100.0,99.0,65.0,50.0,96,100,98,98,97.0,100.0,100.0,100.0
13,sub0012,29.0,12.0,3.0,4.0,0.0,35.0,29.0,61.0,75.0,73.0,69.0,48.0,55.0,52.0,48.0,47.0,72.0,2.0,3.0,3.0,2.0,3.0,3.0,3.0,46,51.0,49.0,29.0,48.0,50.0,48.0,49.0,47.0,35,49,41,30,45.0,28.0,16.0,82.0
14,sub0523,86.0,51.0,47.0,50.0,17.0,14.0,76.0,84.0,22.0,79.0,87.0,87.0,81.0,9.0,13.0,14.0,81.0,3.0,1.0,3.0,1.0,2.0,1.0,1.0,49,28.0,2.0,5.0,5.0,16.0,40.0,80.0,83.0,6,6,20,79,75.0,77.0,81.0,47.0
15,sub0373,43.0,20.0,5.0,0.0,0.0,80.0,91.0,83.0,67.0,91.0,100.0,100.0,100.0,85.0,100.0,95.0,100.0,4.0,3.0,4.0,3.0,3.0,3.0,3.0,36,17.0,84.0,96.0,79.0,94.0,96.0,100.0,73.0,20,17,48,26,27.0,25.0,28.0,13.0
16,sub0540,11.0,1.0,0.0,0.0,0.0,28.0,96.0,97.0,80.0,98.0,100.0,96.0,92.0,89.0,98.0,100.0,98.0,4.0,3.0,3.0,4.0,4.0,4.0,3.0,36,68.0,46.0,81.0,64.0,62.0,49.0,43.0,19.0,72,12,50,51,68.0,63.0,61.0,68.0
17,sub0182,53.0,31.0,1.0,0.0,0.0,88.0,93.0,43.0,47.0,33.0,99.0,100.0,85.0,5.0,51.0,51.0,100.0,1.0,3.0,1.0,3.0,1.0,2.0,1.0,6,25.0,3.0,37.0,48.0,15.0,25.0,100.0,70.0,45,33,66,33,2.0,14.0,25.0,3.0
18,sub0286,49.0,0.0,0.0,0.0,0.0,0.0,81.0,51.0,48.0,63.0,95.0,74.0,15.0,57.0,92.0,53.0,93.0,2.0,2.0,1.0,2.0,0.0,4.0,2.0,5,99.0,39.0,97.0,66.0,83.0,80.0,51.0,51.0,99,57,72,8,9.0,10.0,20.0,91.0
19,sub0221,10.0,0.0,0.0,0.0,0.0,41.0,100.0,35.0,46.0,73.0,97.0,99.0,68.0,65.0,75.0,72.0,100.0,1.0,2.0,2.0,3.0,3.0,4.0,2.0,66,83.0,80.0,92.0,62.0,64.0,76.0,75.0,63.0,74,65,58,74,71.0,77.0,89.0,89.0
20,sub0287,0.0,0.0,0.0,0.0,0.0,30.0,94.0,4.0,5.0,100.0,95.0,58.0,68.0,39.0,85.0,95.0,95.0,3.0,3.0,3.0,4.0,3.0,3.0,2.0,47,56.0,24.0,89.0,55.0,48.0,50.0,93.0,66.0,51,70,25,41,41.0,63.0,76.0,62.0
21,sub0634,0.0,0.0,0.0,0.0,0.0,0.0,100.0,36.0,42.0,51.0,100.0,100.0,50.0,13.0,79.0,100.0,100.0,3.0,4.0,3.0,3.0,2.0,4.0,1.0,12,39.0,0.0,79.0,100.0,100.0,100.0,94.0,0.0,79,65,51,31,32.0,34.0,47.0,0.0
22,sub0467,10.0,1.0,2.0,1.0,1.0,0.0,50.0,0.0,0.0,0.0,87.0,100.0,94.0,0.0,0.0,0.0,70.0,0.0,0.0,2.0,0.0,0.0,2.0,2.0,49,50.0,11.0,21.0,50.0,18.0,27.0,87.0,49.0,51,97,86,50,50.0,50.0,50.0,50.0
23,sub0135,96.0,67.0,47.0,21.0,2.0,0.0,83.0,0.0,0.0,55.0,99.0,99.0,58.0,1.0,3.0,2.0,94.0,1.0,0.0,3.0,0.0,0.0,0.0,1.0,73,8.0,2.0,5.0,99.0,1.0,8.0,89.0,71.0,1,3,68,65,62.0,65.0,66.0,45.0
24,sub0560,69.0,40.0,32.0,10.0,5.0,32.0,54.0,38.0,20.0,59.0,61.0,44.0,75.0,17.0,11.0,11.0,61.0,0.0,0.0,1.0,0.0,0.0,0.0,1.0,24,17.0,46.0,45.0,47.0,15.0,13.0,67.0,76.0,11,12,27,17,13.0,15.0,19.0,53.0
25,sub0091,6.0,0.0,0.0,0.0,0.0,14.0,100.0,2.0,0.0,89.0,84.0,49.0,76.0,87.0,100.0,100.0,56.0,3.0,3.0,3.0,3.0,3.0,1.0,3.0,81,100.0,89.0,84.0,44.0,16.0,100.0,76.0,9.0,19,8,26,95,71.0,72.0,84.0,100.0
26,sub0480,33.0,0.0,0.0,0.0,0.0,2.0,49.0,51.0,1.0,46.0,93.0,78.0,97.0,13.0,5.0,79.0,87.0,0.0,1.0,1.0,3.0,0.0,2.0,1.0,17,13.0,1.0,15.0,22.0,6.0,6.0,86.0,58.0,67,11,18,12,7.0,13.0,15.0,12.0
27,sub0198,0.0,0.0,0.0,0.0,0.0,0.0,100.0,51.0,0.0,0.0,100.0,100.0,100.0,0.0,0.0,0.0,100.0,0.0,0.0,0.0,0.0,0.0,2.0,3.0,67,66.0,28.0,98.0,29.0,0.0,0.0,100.0,16.0,97,0,28,89,76.0,84.0,80.0,49.0
28,sub0160,0.0,4.0,3.0,0.0,0.0,85.0,88.0,74.0,99.0,79.0,79.0,98.0,64.0,92.0,85.0,71.0,95.0,3.0,3.0,4.0,4.0,4.0,3.0,4.0,95,85.0,80.0,96.0,96.0,91.0,76.0,94.0,87.0,93,94,98,83,94.0,88.0,100.0,94.0
29,sub0608,23.0,0.0,0.0,0.0,0.0,0.0,75.0,60.0,68.0,84.0,94.0,89.0,61.0,20.0,71.0,85.0,78.0,3.0,4.0,3.0,3.0,3.0,1.0,2.0,33,51.0,81.0,64.0,78.0,34.0,64.0,77.0,66.0,31,33,51,58,35.0,23.0,49.0,71.0
30,sub0402,0.0,0.0,0.0,0.0,0.0,0.0,100.0,100.0,100.0,100.0,100.0,100.0,100.0,100.0,100.0,100.0,98.0,4.0,1.0,4.0,3.0,3.0,3.0,3.0,72,100.0,28.0,26.0,75.0,84.0,74.0,0.0,0.0,100,78,100,89,100.0,100.0,100.0,100.0
31,sub0114,75.0,76.0,5.0,0.0,0.0,3.0,10.0,31.0,63.0,35.0,57.0,65.0,49.0,94.0,10.0,49.0,38.0,4.0,4.0,4.0,4.0,3.0,3.0,2.0,59,72.0,78.0,76.0,69.0,76.0,81.0,73.0,74.0,54,58,59,70,57.0,66.0,65.0,69.0
32,sub0607,29.0,4.0,5.0,0.0,0.0,76.0,73.0,0.0,68.0,74.0,10.0,80.0,79.0,82.0,50.0,71.0,77.0,1.0,3.0,3.0,2.0,1.0,1.0,1.0,51,51.0,50.0,74.0,76.0,51.0,66.0,50.0,50.0,50,1,67,63,50.0,49.0,57.0,80.0
33,sub0642,0.0,0.0,0.0,0.0,0.0,68.0,78.0,16.0,50.0,70.0,93.0,97.0,85.0,67.0,63.0,66.0,89.0,4.0,2.0,2.0,3.0,3.0,4.0,3.0,69,87.0,71.0,75.0,83.0,83.0,93.0,76.0,29.0,86,74,89,82,86.0,89.0,96.0,100.0
34,sub0519,0.0,0.0,0.0,0.0,0.0,49.0,100.0,20.0,50.0,28.0,100.0,100.0,14.0,18.0,100.0,100.0,100.0,4.0,3.0,4.0,3.0,2.0,4.0,4.0,77,100.0,100.0,100.0,100.0,100.0,100.0,91.0,50.0,100,100,100,84,83.0,87.0,88.0,100.0
35,sub0101,4.0,0.0,0.0,0.0,0.0,41.0,83.0,28.0,41.0,47.0,89.0,66.0,61.0,17.0,13.0,45.0,87.0,2.0,3.0,3.0,1.0,3.0,4.0,3.0,52,53.0,51.0,63.0,86.0,39.0,55.0,23.0,41.0,28,25,60,46,47.0,49.0,50.0,65.0
36,sub0026,35.0,0.0,0.0,0.0,0.0,47.0,59.0,45.0,59.0,55.0,26.0,63.0,57.0,66.0,69.0,74.0,72.0,2.0,2.0,2.0,3.0,2.0,3.0,3.0,26,39.0,39.0,48.0,36.0,54.0,34.0,45.0,34.0,49,69,54,34,42.0,48.0,48.0,29.0
37,sub0113,78.0,20.0,0.0,0.0,0.0,0.0,86.0,0.0,0.0,32.0,98.0,98.0,14.0,28.0,64.0,49.0,100.0,3.0,3.0,3.0,3.0,3.0,1.0,3.0,33,19.0,78.0,74.0,70.0,52.0,50.0,71.0,34.0,13,13,30,24,22.0,52.0,51.0,25.0
38,sub0066,0.0,0.0,0.0,0.0,0.0,19.0,100.0,24.0,8.0,36.0,93.0,100.0,43.0,28.0,53.0,71.0,98.0,3.0,3.0,3.0,1.0,1.0,4.0,1.0,100,53.0,67.0,70.0,67.0,80.0,48.0,66.0,24.0,51,28,38,100,100.0,80.0,55.0,46.0
39,sub0336,0.0,0.0,0.0,0.0,0.0,41.0,100.0,100.0,100.0,56.0,100.0,100.0,28.0,100.0,100.0,100.0,100.0,4.0,4.0,4.0,4.0,4.0,4.0,4.0,37,30.0,35.0,85.0,27.0,62.0,72.0,95.0,38.0,100,19,37,50,25.0,17.0,10.0,74.0
40,sub0576,34.0,9.0,0.0,0.0,0.0,77.0,85.0,81.0,69.0,93.0,93.0,87.0,96.0,81.0,95.0,83.0,87.0,3.0,3.0,3.0,4.0,3.0,3.0,2.0,68,58.0,73.0,85.0,65.0,41.0,76.0,45.0,27.0,56,17,14,59,73.0,78.0,76.0,68.0
41,sub0018,0.0,0.0,0.0,0.0,0.0,68.0,85.0,4.0,57.0,66.0,100.0,100.0,98.0,100.0,100.0,100.0,100.0,4.0,4.0,4.0,4.0,4.0,4.0,3.0,72,79.0,100.0,100.0,100.0,100.0,100.0,95.0,0.0,33,21,68,81,77.0,78.0,79.0,67.0
42,sub0418,69.0,33.0,10.0,3.0,0.0,20.0,72.0,80.0,81.0,82.0,80.0,83.0,93.0,80.0,90.0,98.0,89.0,3.0,3.0,3.0,3.0,3.0,2.0,3.0,60,69.0,77.0,79.0,94.0,48.0,20.0,60.0,32.0,51,78,77,64,61.0,61.0,64.0,66.0
43,sub0070,0.0,0.0,0.0,0.0,0.0,18.0,95.0,88.0,80.0,62.0,76.0,76.0,60.0,60.0,75.0,49.0,77.0,3.0,3.0,4.0,3.0,4.0,3.0,4.0,4,94.0,91.0,89.0,85.0,82.0,80.0,51.0,65.0,69,49,73,20,5.0,52.0,79.0,90.0
44,sub0486,0.0,0.0,0.0,0.0,0.0,100.0,100.0,0.0,0.0,100.0,100.0,100.0,100.0,100.0,100.0,100.0,100.0,4.0,4.0,4.0,4.0,1.0,3.0,3.0,49,78.0,100.0,100.0,100.0,50.0,73.0,29.0,0.0,100,100,71,51,18.0,33.0,31.0,50.0
45,sub0443,88.0,73.0,54.0,49.0,30.0,0.0,19.0,0.0,0.0,2.0,1.0,0.0,4.0,2.0,3.0,2.0,0.0,0.0,0.0,0.0,0.0,0.0,0.0,1.0,8,51.0,14.0,7.0,84.0,11.0,9.0,75.0,69.0,48,0,79,4,3.0,3.0,9.0,72.0
46,sub0199,0.0,0.0,0.0,0.0,0.0,90.0,100.0,63.0,0.0,100.0,100.0,100.0,100.0,91.0,100.0,100.0,100.0,4.0,4.0,4.0,4.0,4.0,4.0,4.0,12,100.0,14.0,100.0,11.0,90.0,90.0,100.0,50.0,100,0,3,13,12.0,11.0,13.0,10.0
47,sub0320,0.0,0.0,0.0,0.0,0.0,62.0,87.0,21.0,0.0,100.0,100.0,100.0,100.0,74.0,100.0,100.0,100.0,4.0,2.0,4.0,4.0,3.0,3.0,0.0,49,21.0,23.0,3.0,31.0,23.0,32.0,89.0,46.0,1,0,9,53,54.0,59.0,59.0,59.0
48,sub0444,17.0,0.0,0.0,0.0,0.0,51.0,91.0,7.0,1.0,64.0,83.0,96.0,58.0,59.0,81.0,82.0,93.0,2.0,3.0,2.0,3.0,2.0,2.0,1.0,18,58.0,34.0,68.0,23.0,25.0,19.0,77.0,58.0,53,5,21,32,37.0,27.0,38.0,64.0
49,sub0293,42.0,28.0,16.0,9.0,2.0,40.0,62.0,16.0,30.0,63.0,67.0,50.0,35.0,38.0,72.0,66.0,60.0,3.0,1.0,2.0,2.0,1.0,3.0,1.0,36,63.0,29.0,43.0,43.0,36.0,58.0,48.0,41.0,32,40,47,42,41.0,44.0,45.0,63.0
50,sub0646,0.0,0.0,0.0,0.0,0.0,62.0,75.0,81.0,57.0,100.0,100.0,100.0,100.0,64.0,100.0,100.0,100.0,3.0,4.0,4.0,4.0,4.0,4.0,3.0,53,68.0,100.0,100.0,100.0,100.0,100.0,86.0,12.0,100,92,100,74,55.0,53.0,83.0,53.0
51,sub0564,11.0,2.0,0.0,0.0,0.0,4.0,95.0,68.0,57.0,68.0,93.0,98.0,74.0,3.0,57.0,97.0,95.0,1.0,1.0,3.0,1.0,1.0,1.0,1.0,3,71.0,3.0,68.0,96.0,8.0,7.0,97.0,72.0,75,88,95,4,6.0,45.0,72.0,3.0
52,sub0300,0.0,0.0,0.0,0.0,0.0,3.0,92.0,50.0,62.0,100.0,100.0,100.0,100.0,68.0,92.0,98.0,100.0,4.0,4.0,3.0,4.0,4.0,4.0,2.0,91,53.0,100.0,100.0,100.0,95.0,98.0,51.0,27.0,95,36,56,83,95.0,97.0,100.0,62.0
53,sub0317,60.0,40.0,3.0,0.0,0.0,19.0,39.0,50.0,51.0,49.0,71.0,73.0,63.0,48.0,59.0,71.0,49.0,2.0,3.0,2.0,1.0,3.0,1.0,1.0,21,59.0,51.0,57.0,67.0,59.0,40.0,90.0,56.0,73,79,63,23,29.0,48.0,30.0,60.0
54,sub0385,26.0,2.0,0.0,0.0,0.0,51.0,92.0,47.0,48.0,76.0,85.0,98.0,94.0,90.0,90.0,94.0,88.0,3.0,2.0,3.0,4.0,3.0,3.0,3.0,80,88.0,93.0,100.0,91.0,72.0,78.0,87.0,41.0,76,57,87,90,88.0,89.0,94.0,79.0
55,sub0169,0.0,0.0,0.0,0.0,0.0,12.0,100.0,21.0,16.0,100.0,100.0,100.0,81.0,79.0,100.0,100.0,100.0,4.0,2.0,4.0,4.0,2.0,4.0,3.0,27,58.0,58.0,64.0,59.0,64.0,46.0,77.0,64.0,71,48,80,21,19.0,28.0,30.0,49.0
56,sub0558,0.0,0.0,0.0,0.0,0.0,25.0,76.0,80.0,64.0,92.0,70.0,68.0,85.0,13.0,75.0,49.0,66.0,2.0,3.0,2.0,1.0,3.0,2.0,2.0,74,87.0,50.0,83.0,88.0,66.0,79.0,59.0,50.0,64,81,77,76,67.0,85.0,86.0,59.0
57,sub0463,2.0,0.0,0.0,0.0,0.0,30.0,100.0,1.0,1.0,8.0,95.0,100.0,88.0,11.0,16.0,18.0,97.0,3.0,2.0,3.0,1.0,3.0,4.0,3.0,42,48.0,41.0,94.0,50.0,52.0,51.0,100.0,13.0,42,12,56,53,48.0,52.0,63.0,100.0
58,sub0099,92.0,50.0,35.0,20.0,3.0,100.0,90.0,58.0,0.0,0.0,13.0,100.0,87.0,100.0,100.0,100.0,100.0,3.0,2.0,4.0,4.0,2.0,4.0,0.0,49,78.0,85.0,81.0,100.0,87.0,100.0,92.0,45.0,51,100,100,59,70.0,58.0,47.0,89.0
59,sub0136,0.0,0.0,0.0,0.0,0.0,31.0,82.0,3.0,0.0,100.0,82.0,70.0,100.0,48.0,66.0,55.0,62.0,2.0,1.0,3.0,3.0,2.0,3.0,3.0,29,25.0,53.0,70.0,27.0,31.0,37.0,83.0,48.0,38,4,20,39,25.0,24.0,31.0,23.0
60,sub0017,0.0,0.0,0.0,0.0,0.0,5.0,100.0,0.0,0.0,50.0,100.0,100.0,49.0,0.0,0.0,0.0,100.0,0.0,2.0,4.0,0.0,2.0,4.0,4.0,50,100.0,47.0,50.0,100.0,50.0,51.0,98.0,0.0,85,100,100,50,100.0,100.0,100.0,76.0
61,sub0157,54.0,31.0,15.0,3.0,0.0,74.0,58.0,60.0,71.0,71.0,89.0,83.0,72.0,41.0,72.0,61.0,74.0,3.0,2.0,3.0,2.0,1.0,3.0,2.0,63,23.0,89.0,48.0,100.0,54.0,73.0,86.0,30.0,25,50,95,85,62.0,58.0,40.0,53.0
62,sub0363,0.0,0.0,0.0,0.0,0.0,17.0,100.0,0.0,0.0,100.0,96.0,100.0,88.0,30.0,100.0,75.0,100.0,1.0,3.0,4.0,3.0,1.0,1.0,3.0,86,62.0,93.0,95.0,100.0,18.0,24.0,93.0,98.0,37,75,100,78,74.0,64.0,38.0,49.0
63,sub0077,0.0,0.0,0.0,0.0,0.0,66.0,100.0,0.0,21.0,100.0,63.0,50.0,100.0,60.0,61.0,73.0,100.0,4.0,3.0,4.0,3.0,4.0,4.0,3.0,71,66.0,72.0,82.0,100.0,82.0,86.0,100.0,58.0,65,100,100,77,59.0,55.0,55.0,66.0
64,sub0527,0.0,0.0,0.0,0.0,0.0,11.0,83.0,46.0,72.0,100.0,100.0,100.0,66.0,14.0,16.0,72.0,100.0,3.0,1.0,3.0,3.0,1.0,2.0,2.0,39,61.0,21.0,16.0,57.0,47.0,51.0,79.0,54.0,51,86,63,37,50.0,57.0,63.0,61.0
65,sub0053,0.0,0.0,0.0,0.0,0.0,76.0,82.0,85.0,78.0,98.0,97.0,96.0,96.0,95.0,98.0,96.0,93.0,3.0,2.0,4.0,3.0,1.0,2.0,2.0,15,82.0,100.0,97.0,88.0,62.0,67.0,68.0,35.0,25,53,86,32,50.0,51.0,78.0,80.0
66,sub0159,1.0,0.0,1.0,0.0,1.0,29.0,98.0,2.0,3.0,98.0,99.0,99.0,51.0,1.0,5.0,5.0,100.0,0.0,0.0,3.0,0.0,1.0,3.0,1.0,13,39.0,21.0,25.0,97.0,48.0,49.0,83.0,37.0,35,20,97,13,11.0,9.0,13.0,54.0
67,sub0162,15.0,3.0,0.0,0.0,0.0,15.0,84.0,24.0,30.0,71.0,85.0,86.0,65.0,40.0,37.0,54.0,83.0,3.0,1.0,3.0,3.0,3.0,4.0,1.0,20,25.0,15.0,73.0,100.0,33.0,29.0,77.0,7.0,45,73,99,31,41.0,47.0,81.0,26.0
68,sub0007,51.0,0.0,0.0,0.0,0.0,27.0,78.0,0.0,0.0,100.0,100.0,100.0,100.0,0.0,0.0,0.0,100.0,2.0,0.0,3.0,1.0,0.0,3.0,3.0,23,53.0,0.0,0.0,51.0,25.0,33.0,100.0,22.0,54,100,73,24,18.0,26.0,20.0,100.0
69,sub0618,21.0,4.0,0.0,0.0,0.0,0.0,4.0,0.0,0.0,0.0,0.0,0.0,2.0,1.0,0.0,0.0,0.0,0.0,0.0,0.0,0.0,0.0,0.0,0.0,0,12.0,0.0,0.0,96.0,0.0,2.0,93.0,79.0,2,2,94,3,13.0,19.0,36.0,11.0
70,sub0470,0.0,0.0,0.0,0.0,0.0,0.0,100.0,0.0,0.0,9.0,100.0,100.0,9.0,53.0,59.0,64.0,100.0,3.0,4.0,4.0,3.0,2.0,4.0,3.0,73,84.0,100.0,100.0,100.0,100.0,100.0,96.0,0.0,69,78,77,100,73.0,75.0,85.0,100.0
71,sub0217,0.0,0.0,0.0,0.0,0.0,74.0,100.0,3.0,0.0,92.0,100.0,100.0,100.0,84.0,98.0,100.0,100.0,4.0,4.0,4.0,4.0,3.0,3.0,3.0,68,92.0,100.0,100.0,100.0,100.0,100.0,39.0,16.0,48,11,89,85,66.0,79.0,95.0,30.0
72,sub0563,65.0,9.0,0.0,0.0,0.0,66.0,65.0,66.0,40.0,86.0,100.0,100.0,81.0,6.0,7.0,69.0,100.0,3.0,3.0,3.0,3.0,3.0,2.0,1.0,16,62.0,1.0,2.0,100.0,71.0,60.0,75.0,36.0,28,86,99,32,37.0,37.0,32.0,60.0
73,sub0338,27.0,7.0,0.0,0.0,0.0,48.0,79.0,1.0,3.0,3.0,96.0,95.0,4.0,2.0,75.0,58.0,95.0,3.0,4.0,1.0,3.0,2.0,1.0,2.0,17,76.0,16.0,88.0,33.0,22.0,18.0,71.0,22.0,68,0,7,42,65.0,81.0,85.0,45.0
74,sub0466,18.0,5.0,2.0,0.0,0.0,50.0,85.0,17.0,9.0,90.0,96.0,91.0,95.0,92.0,83.0,91.0,95.0,3.0,3.0,4.0,4.0,4.0,4.0,1.0,26,77.0,34.0,26.0,85.0,85.0,79.0,88.0,83.0,73,74,92,20,21.0,18.0,21.0,88.0
75,sub0487,0.0,0.0,0.0,0.0,0.0,31.0,81.0,0.0,0.0,78.0,86.0,64.0,70.0,27.0,71.0,62.0,84.0,2.0,1.0,1.0,3.0,3.0,3.0,3.0,70,54.0,68.0,83.0,78.0,61.0,74.0,71.0,20.0,61,69,81,69,71.0,73.0,86.0,84.0
76,sub0337,99.0,100.0,100.0,100.0,100.0,5.0,99.0,62.0,55.0,85.0,99.0,100.0,93.0,21.0,100.0,78.0,100.0,3.0,3.0,4.0,3.0,3.0,3.0,3.0,43,72.0,12.0,100.0,97.0,60.0,75.0,95.0,3.0,99,63,81,62,99.0,100.0,100.0,40.0
77,sub0029,4.0,0.0,0.0,0.0,0.0,5.0,100.0,59.0,68.0,85.0,99.0,93.0,63.0,57.0,76.0,92.0,99.0,4.0,4.0,4.0,3.0,3.0,3.0,4.0,40,84.0,77.0,100.0,100.0,97.0,71.0,51.0,29.0,87,100,98,55,42.0,55.0,61.0,98.0
78,sub0048,5.0,0.0,0.0,0.0,0.0,6.0,43.0,30.0,49.0,56.0,58.0,44.0,54.0,0.0,9.0,10.0,47.0,0.0,0.0,2.0,0.0,0.0,0.0,0.0,0,3.0,41.0,35.0,32.0,28.0,31.0,43.0,45.0,0,20,15,10,10.0,15.0,11.0,10.0
79,sub0176,0.0,0.0,0.0,0.0,0.0,37.0,100.0,29.0,56.0,86.0,100.0,100.0,78.0,72.0,94.0,100.0,100.0,4.0,4.0,4.0,3.0,3.0,4.0,2.0,83,87.0,87.0,99.0,100.0,70.0,79.0,100.0,21.0,90,52,100,83,83.0,86.0,90.0,100.0
80,sub0478,0.0,0.0,0.0,0.0,0.0,81.0,81.0,1.0,0.0,0.0,1.0,0.0,100.0,23.0,100.0,76.0,0.0,3.0,4.0,4.0,4.0,4.0,4.0,3.0,40,80.0,20.0,83.0,85.0,83.0,77.0,100.0,83.0,100,15,86,34,50.0,50.0,51.0,79.0
81,sub0358,0.0,0.0,0.0,0.0,0.0,21.0,77.0,74.0,60.0,59.0,62.0,49.0,72.0,28.0,50.0,60.0,63.0,3.0,4.0,4.0,3.0,3.0,2.0,2.0,23,64.0,36.0,79.0,68.0,28.0,37.0,76.0,38.0,40,31,60,49,50.0,51.0,57.0,17.0
82,sub0264,0.0,0.0,0.0,0.0,0.0,0.0,99.0,49.0,82.0,88.0,100.0,100.0,72.0,78.0,78.0,78.0,100.0,3.0,4.0,4.0,4.0,4.0,4.0,3.0,51,50.0,67.0,89.0,100.0,48.0,69.0,86.0,17.0,49,79,81,49,75.0,78.0,82.0,0.0
83,sub0089,0.0,0.0,0.0,0.0,0.0,10.0,99.0,34.0,50.0,67.0,100.0,100.0,37.0,24.0,82.0,23.0,100.0,3.0,4.0,3.0,3.0,4.0,4.0,3.0,79,50.0,60.0,100.0,65.0,100.0,69.0,65.0,24.0,100,0,50,53,49.0,52.0,50.0,25.0
84,sub0575,4.0,0.0,0.0,0.0,0.0,31.0,29.0,42.0,46.0,55.0,100.0,85.0,80.0,82.0,62.0,38.0,97.0,4.0,4.0,4.0,3.0,3.0,4.0,4.0,90,66.0,83.0,87.0,76.0,58.0,100.0,94.0,80.0,45,70,78,100,94.0,96.0,96.0,100.0
85,sub0549,54.0,0.0,0.0,0.0,0.0,91.0,95.0,4.0,2.0,10.0,97.0,100.0,100.0,11.0,59.0,78.0,100.0,2.0,1.0,3.0,0.0,3.0,3.0,2.0,21,50.0,32.0,60.0,74.0,31.0,28.0,82.0,60.0,37,56,63,18,9.0,29.0,37.0,88.0
86,sub0109,0.0,0.0,0.0,0.0,0.0,9.0,63.0,0.0,0.0,23.0,45.0,100.0,69.0,35.0,50.0,49.0,62.0,3.0,4.0,4.0,3.0,4.0,4.0,4.0,14,76.0,89.0,100.0,63.0,64.0,71.0,49.0,0.0,65,70,26,26,18.0,17.0,20.0,100.0
87,sub0237,51.0,0.0,0.0,0.0,0.0,0.0,86.0,35.0,73.0,60.0,100.0,100.0,20.0,12.0,74.0,49.0,100.0,2.0,0.0,3.0,1.0,1.0,4.0,3.0,76,59.0,88.0,100.0,100.0,48.0,74.0,31.0,0.0,59,51,100,100,100.0,100.0,100.0,74.0
88,sub0046,64.0,0.0,0.0,0.0,0.0,67.0,58.0,1.0,3.0,84.0,78.0,85.0,79.0,3.0,81.0,81.0,90.0,1.0,3.0,3.0,3.0,1.0,3.0,4.0,65,72.0,76.0,100.0,79.0,75.0,77.0,75.0,2.0,57,81,100,72,56.0,60.0,63.0,100.0
89,sub0504,59.0,0.0,0.0,0.0,0.0,97.0,50.0,69.0,0.0,98.0,57.0,97.0,97.0,63.0,100.0,100.0,64.0,3.0,1.0,4.0,3.0,2.0,4.0,1.0,62,40.0,46.0,64.0,100.0,34.0,65.0,80.0,0.0,26,68,100,65,85.0,99.0,98.0,43.0
90,sub0034,0.0,0.0,0.0,0.0,0.0,0.0,94.0,0.0,0.0,98.0,97.0,96.0,97.0,52.0,71.0,79.0,95.0,1.0,3.0,3.0,1.0,0.0,3.0,1.0,85,96.0,11.0,58.0,93.0,44.0,94.0,94.0,2.0,10,89,87,92,92.0,93.0,93.0,92.0
91,sub0425,20.0,0.0,0.0,0.0,0.0,27.0,63.0,24.0,17.0,27.0,95.0,91.0,65.0,83.0,97.0,91.0,87.0,4.0,4.0,4.0,4.0,4.0,4.0,2.0,50,58.0,99.0,82.0,38.0,47.0,52.0,22.0,25.0,29,56,67,52,57.0,46.0,37.0,48.0
92,sub0400,7.0,3.0,4.0,0.0,0.0,54.0,59.0,18.0,18.0,62.0,82.0,97.0,93.0,9.0,5.0,12.0,100.0,2.0,3.0,3.0,1.0,1.0,2.0,1.0,9,7.0,7.0,4.0,4.0,7.0,6.0,3.0,51.0,13,10,11,8,3.0,32.0,30.0,9.0
93,sub0430,1.0,0.0,0.0,0.0,0.0,20.0,96.0,69.0,53.0,77.0,99.0,100.0,93.0,11.0,13.0,87.0,94.0,3.0,2.0,4.0,3.0,4.0,4.0,3.0,37,13.0,0.0,19.0,44.0,23.0,35.0,51.0,0.0,41,50,25,23,40.0,46.0,63.0,1.0
94,sub0244,0.0,0.0,0.0,0.0,0.0,25.0,79.0,91.0,98.0,100.0,100.0,100.0,100.0,51.0,52.0,52.0,100.0,3.0,3.0,3.0,2.0,3.0,4.0,2.0,15,51.0,12.0,3.0,71.0,52.0,54.0,87.0,27.0,55,67,69,54,68.0,84.0,95.0,26.0
95,sub0324,0.0,0.0,0.0,0.0,0.0,11.0,50.0,7.0,10.0,92.0,82.0,70.0,68.0,18.0,72.0,69.0,84.0,2.0,3.0,3.0,3.0,3.0,4.0,2.0,12,21.0,14.0,21.0,36.0,24.0,24.0,97.0,50.0,28,29,35,28,39.0,49.0,50.0,20.0
96,sub0455,11.0,0.0,0.0,0.0,0.0,20.0,100.0,0.0,30.0,90.0,100.0,100.0,100.0,51.0,59.0,57.0,100.0,2.0,3.0,3.0,3.0,2.0,2.0,2.0,35,47.0,61.0,81.0,60.0,61.0,59.0,64.0,53.0,54,0,30,45,73.0,77.0,53.0,62.0
97,sub0630,25.0,23.0,11.0,3.0,0.0,83.0,97.0,53.0,71.0,95.0,100.0,99.0,99.0,9.0,1.0,1.0,99.0,1.0,1.0,3.0,0.0,0.0,0.0,3.0,17,56.0,26.0,20.0,48.0,57.0,74.0,99.0,35.0,15,100,77,15,21.0,28.0,38.0,16.0
98,sub0013,0.0,1.0,0.0,0.0,0.0,35.0,97.0,54.0,51.0,51.0,51.0,100.0,62.0,80.0,79.0,93.0,52.0,3.0,4.0,3.0,4.0,4.0,4.0,4.0,58,77.0,93.0,82.0,79.0,85.0,97.0,100.0,30.0,73,74,76,77,52.0,67.0,73.0,92.0
99,sub0265,0.0,0.0,0.0,0.0,0.0,50.0,100.0,49.0,48.0,100.0,100.0,100.0,85.0,1.0,0.0,0.0,100.0,3.0,3.0,3.0,0.0,3.0,4.0,4.0,52,52.0,53.0,76.0,71.0,62.0,65.0,94.0,33.0,76,11,74,65,50.0,60.0,79.0,49.0
100,sub0565,0.0,0.0,0.0,0.0,0.0,49.0,100.0,19.0,77.0,86.0,100.0,100.0,49.0,16.0,99.0,48.0,100.0,3.0,3.0,3.0,3.0,3.0,4.0,3.0,0,50.0,0.0,72.0,100.0,0.0,35.0,100.0,0.0,23,65,50,14,81.0,50.0,69.0,100.0
101,sub0196,29.0,15.0,10.0,0.0,0.0,0.0,73.0,53.0,0.0,71.0,100.0,94.0,74.0,40.0,46.0,65.0,86.0,4.0,0.0,4.0,3.0,1.0,0.0,0.0,4,69.0,10.0,44.0,65.0,16.0,35.0,100.0,81.0,18,21,7,33,6.0,16.0,36.0,50.0
102,sub0590,64.0,0.0,0.0,0.0,0.0,39.0,100.0,0.0,0.0,46.0,100.0,100.0,90.0,60.0,85.0,77.0,100.0,2.0,3.0,2.0,2.0,1.0,2.0,0.0,37,58.0,68.0,90.0,99.0,70.0,94.0,99.0,10.0,53,71,98,56,55.0,51.0,74.0,31.0
103,sub0521,25.0,0.0,0.0,0.0,0.0,100.0,70.0,100.0,100.0,100.0,100.0,100.0,100.0,3.0,62.0,85.0,100.0,4.0,3.0,4.0,2.0,2.0,4.0,3.0,23,100.0,6.0,67.0,64.0,73.0,74.0,70.0,44.0,100,74,89,64,65.0,88.0,100.0,87.0
104,sub0252,0.0,0.0,0.0,0.0,0.0,0.0,100.0,0.0,0.0,100.0,100.0,100.0,100.0,100.0,100.0,100.0,100.0,3.0,4.0,3.0,4.0,4.0,4.0,3.0,49,78.0,75.0,100.0,81.0,82.0,83.0,100.0,72.0,82,100,50,63,83.0,93.0,100.0,49.0
105,sub0052,30.0,27.0,13.0,13.0,8.0,15.0,75.0,10.0,2.0,78.0,77.0,72.0,76.0,18.0,13.0,16.0,69.0,2.0,2.0,2.0,2.0,2.0,2.0,2.0,22,52.0,21.0,17.0,70.0,26.0,17.0,76.0,78.0,22,71,68,38,33.0,27.0,20.0,87.0
106,sub0364,50.0,10.0,0.0,0.0,0.0,51.0,100.0,0.0,0.0,74.0,96.0,90.0,89.0,78.0,78.0,98.0,88.0,1.0,3.0,3.0,1.0,3.0,4.0,3.0,75,80.0,57.0,68.0,62.0,26.0,68.0,53.0,38.0,63,0,11,66,67.0,64.0,51.0,89.0
107,sub0212,5.0,8.0,1.0,0.0,0.0,1.0,96.0,4.0,3.0,49.0,100.0,100.0,45.0,7.0,11.0,7.0,100.0,2.0,1.0,2.0,1.0,0.0,3.0,1.0,14,32.0,19.0,22.0,79.0,70.0,52.0,80.0,5.0,12,30,29,15,17.0,13.0,13.0,29.0
108,sub0573,0.0,0.0,0.0,0.0,0.0,47.0,77.0,92.0,71.0,98.0,50.0,99.0,90.0,51.0,69.0,52.0,68.0,3.0,2.0,3.0,3.0,2.0,4.0,3.0,53,58.0,59.0,56.0,61.0,63.0,55.0,77.0,62.0,74,31,43,54,52.0,56.0,55.0,59.0
109,sub0345,3.0,0.0,0.0,0.0,0.0,83.0,86.0,9.0,34.0,50.0,75.0,93.0,91.0,80.0,84.0,81.0,84.0,3.0,3.0,3.0,3.0,3.0,3.0,3.0,11,86.0,41.0,24.0,85.0,91.0,96.0,47.0,31.0,5,23,81,63,49.0,23.0,37.0,83.0
110,sub0277,0.0,0.0,0.0,0.0,0.0,0.0,100.0,1.0,6.0,67.0,58.0,0.0,94.0,23.0,33.0,22.0,60.0,3.0,4.0,3.0,2.0,4.0,4.0,4.0,50,50.0,73.0,100.0,98.0,81.0,72.0,100.0,1.0,64,83,40,50,53.0,50.0,52.0,100.0
111,sub0078,4.0,9.0,2.0,0.0,0.0,45.0,91.0,90.0,87.0,87.0,88.0,90.0,89.0,90.0,89.0,85.0,90.0,4.0,3.0,4.0,4.0,4.0,4.0,4.0,100,87.0,86.0,90.0,91.0,87.0,87.0,89.0,88.0,89,91,88,90,86.0,91.0,89.0,89.0
112,sub0631,10.0,0.0,0.0,0.0,0.0,79.0,85.0,0.0,74.0,81.0,84.0,100.0,67.0,60.0,77.0,67.0,94.0,3.0,3.0,3.0,3.0,2.0,3.0,3.0,65,61.0,93.0,86.0,96.0,64.0,75.0,73.0,54.0,68,3,99,69,66.0,67.0,66.0,60.0
113,sub0008,30.0,25.0,22.0,15.0,0.0,2.0,100.0,70.0,62.0,99.0,100.0,99.0,81.0,94.0,96.0,99.0,87.0,3.0,4.0,3.0,4.0,3.0,4.0,4.0,66,88.0,36.0,38.0,71.0,72.0,79.0,100.0,81.0,89,92,98,67,78.0,81.0,88.0,72.0
114,sub0497,0.0,0.0,0.0,0.0,0.0,33.0,97.0,34.0,34.0,64.0,83.0,50.0,61.0,61.0,82.0,65.0,91.0,4.0,4.0,4.0,3.0,3.0,4.0,3.0,34,50.0,30.0,82.0,69.0,53.0,51.0,71.0,34.0,44,64,82,50,49.0,49.0,62.0,59.0
115,sub0406,0.0,0.0,0.0,0.0,0.0,48.0,75.0,28.0,69.0,79.0,77.0,100.0,99.0,35.0,66.0,38.0,100.0,3.0,4.0,4.0,4.0,4.0,4.0,3.0,28,84.0,41.0,81.0,76.0,75.0,79.0,57.0,0.0,96,63,77,42,67.0,80.0,93.0,87.0
116,sub0515,0.0,1.0,0.0,1.0,0.0,49.0,71.0,74.0,73.0,100.0,50.0,51.0,92.0,6.0,55.0,81.0,79.0,3.0,2.0,3.0,3.0,2.0,2.0,2.0,49,86.0,92.0,90.0,87.0,85.0,86.0,47.0,18.0,100,100,100,100,51.0,78.0,81.0,88.0
117,sub0518,5.0,0.0,0.0,0.0,0.0,89.0,100.0,76.0,6.0,94.0,100.0,100.0,82.0,31.0,69.0,72.0,100.0,3.0,4.0,3.0,3.0,4.0,4.0,3.0,66,70.0,23.0,90.0,87.0,14.0,47.0,82.0,11.0,21,0,90,25,10.0,1.0,0.0,100.0
118,sub0404,0.0,0.0,0.0,0.0,0.0,49.0,68.0,70.0,53.0,61.0,92.0,100.0,73.0,58.0,61.0,73.0,100.0,3.0,3.0,2.0,3.0,3.0,3.0,3.0,53,73.0,66.0,59.0,66.0,70.0,74.0,75.0,67.0,63,62,70,63,64.0,70.0,72.0,66.0
119,sub0006,29.0,21.0,9.0,5.0,3.0,16.0,90.0,49.0,50.0,51.0,86.0,87.0,51.0,59.0,76.0,88.0,88.0,3.0,3.0,3.0,1.0,3.0,3.0,2.0,42,57.0,40.0,45.0,60.0,31.0,42.0,68.0,53.0,28,21,63,47,52.0,40.0,36.0,23.0
120,sub0548,1.0,0.0,0.0,0.0,0.0,18.0,99.0,1.0,1.0,2.0,99.0,99.0,6.0,5.0,68.0,66.0,99.0,3.0,1.0,4.0,1.0,2.0,0.0,1.0,36,61.0,73.0,5.0,10.0,8.0,65.0,99.0,1.0,4,5,8,27,24.0,23.0,28.0,63.0
121,sub0591,0.0,0.0,0.0,0.0,0.0,0.0,70.0,0.0,0.0,68.0,92.0,0.0,65.0,35.0,60.0,93.0,72.0,3.0,4.0,4.0,3.0,2.0,4.0,2.0,60,73.0,54.0,57.0,96.0,70.0,82.0,100.0,0.0,64,40,100,68,87.0,100.0,100.0,81.0
122,sub0347,0.0,0.0,0.0,0.0,0.0,0.0,100.0,52.0,55.0,67.0,62.0,72.0,74.0,100.0,100.0,100.0,58.0,4.0,4.0,4.0,4.0,4.0,4.0,4.0,84,78.0,73.0,100.0,79.0,100.0,100.0,100.0,0.0,100,82,78,77,80.0,83.0,76.0,100.0
123,sub0488,94.0,88.0,83.0,77.0,71.0,0.0,27.0,97.0,94.0,100.0,90.0,96.0,100.0,0.0,0.0,0.0,93.0,0.0,0.0,0.0,0.0,0.0,0.0,0.0,3,3.0,0.0,0.0,49.0,1.0,0.0,97.0,70.0,8,21,34,7,22.0,24.0,28.0,0.0
124,sub0230,99.0,99.0,74.0,48.0,32.0,27.0,12.0,0.0,6.0,49.0,55.0,92.0,51.0,21.0,61.0,90.0,64.0,2.0,1.0,2.0,1.0,1.0,0.0,0.0,0,3.0,4.0,48.0,3.0,4.0,0.0,95.0,68.0,55,57,19,0,0.0,0.0,5.0,12.0
125,sub0251,0.0,0.0,0.0,0.0,0.0,0.0,97.0,78.0,96.0,98.0,96.0,99.0,98.0,53.0,84.0,84.0,98.0,3.0,3.0,3.0,3.0,1.0,4.0,3.0,50,90.0,10.0,88.0,70.0,85.0,87.0,66.0,49.0,27,12,70,76,73.0,60.0,50.0,94.0
126,sub0352,11.0,0.0,0.0,0.0,0.0,75.0,91.0,20.0,31.0,100.0,95.0,100.0,100.0,85.0,93.0,91.0,86.0,4.0,4.0,4.0,4.0,3.0,4.0,4.0,89,85.0,90.0,100.0,66.0,94.0,68.0,89.0,19.0,100,31,64,51,68.0,50.0,40.0,76.0
127,sub0294,74.0,75.0,77.0,36.0,25.0,14.0,5.0,73.0,42.0,93.0,76.0,83.0,85.0,30.0,43.0,35.0,82.0,3.0,2.0,3.0,3.0,2.0,3.0,1.0,41,67.0,15.0,19.0,13.0,17.0,26.0,77.0,81.0,69,45,36,32,27.0,57.0,31.0,41.0
128,sub0095,69.0,4.0,0.0,0.0,0.0,21.0,49.0,53.0,68.0,56.0,66.0,73.0,80.0,86.0,74.0,77.0,72.0,2.0,3.0,3.0,4.0,2.0,4.0,4.0,99,95.0,100.0,95.0,98.0,100.0,92.0,100.0,84.0,100,71,55,65,54.0,100.0,100.0,100.0
129,sub0374,0.0,0.0,0.0,0.0,0.0,24.0,100.0,73.0,99.0,99.0,97.0,98.0,82.0,78.0,74.0,84.0,100.0,3.0,4.0,3.0,3.0,4.0,3.0,3.0,69,85.0,47.0,26.0,53.0,49.0,57.0,100.0,14.0,78,58,54,60,52.0,75.0,64.0,94.0
130,sub0215,1.0,0.0,0.0,0.0,0.0,87.0,99.0,30.0,23.0,100.0,100.0,100.0,100.0,87.0,36.0,79.0,100.0,4.0,4.0,3.0,3.0,4.0,3.0,3.0,62,100.0,17.0,100.0,100.0,66.0,100.0,4.0,36.0,84,21,100,51,49.0,71.0,74.0,79.0
131,sub0055,33.0,0.0,0.0,0.0,0.0,29.0,100.0,66.0,78.0,61.0,100.0,100.0,54.0,72.0,82.0,84.0,100.0,4.0,4.0,4.0,4.0,4.0,4.0,4.0,40,72.0,27.0,76.0,100.0,72.0,59.0,100.0,24.0,61,100,100,54,40.0,26.0,45.0,59.0
132,sub0419,0.0,0.0,0.0,0.0,0.0,0.0,100.0,28.0,49.0,83.0,72.0,82.0,85.0,63.0,68.0,72.0,77.0,3.0,3.0,3.0,3.0,2.0,3.0,2.0,51,70.0,40.0,67.0,53.0,58.0,62.0,39.0,41.0,65,65,70,44,50.0,50.0,50.0,60.0
133,sub0124,55.0,0.0,0.0,0.0,0.0,50.0,82.0,72.0,21.0,98.0,100.0,100.0,86.0,84.0,95.0,94.0,100.0,3.0,4.0,3.0,2.0,2.0,3.0,3.0,29,56.0,71.0,68.0,56.0,39.0,63.0,98.0,39.0,26,0,19,48,47.0,60.0,55.0,61.0
134,sub0584,91.0,34.0,22.0,4.0,0.0,58.0,76.0,5.0,16.0,68.0,90.0,89.0,74.0,56.0,64.0,36.0,85.0,3.0,3.0,3.0,1.0,1.0,0.0,3.0,24,74.0,22.0,84.0,77.0,29.0,72.0,65.0,50.0,59,61,69,25,7.0,21.0,39.0,68.0
135,sub0281,100.0,100.0,0.0,0.0,0.0,0.0,0.0,0.0,0.0,0.0,0.0,62.0,0.0,0.0,0.0,0.0,0.0,0.0,0.0,0.0,0.0,0.0,0.0,0.0,0,0.0,0.0,0.0,10.0,0.0,0.0,92.0,100.0,0,0,14,0,8.0,24.0,1.0,0.0
136,sub0604,77.0,21.0,2.0,0.0,0.0,51.0,82.0,67.0,50.0,88.0,95.0,96.0,53.0,22.0,19.0,21.0,77.0,2.0,2.0,2.0,1.0,1.0,2.0,0.0,39,41.0,47.0,46.0,62.0,39.0,37.0,93.0,68.0,47,50,49,36,44.0,92.0,73.0,28.0
137,sub0204,56.0,28.0,31.0,15.0,14.0,29.0,61.0,30.0,42.0,72.0,93.0,66.0,53.0,49.0,71.0,70.0,92.0,3.0,3.0,3.0,3.0,3.0,4.0,2.0,61,84.0,57.0,90.0,100.0,62.0,74.0,43.0,0.0,83,62,100,65,59.0,70.0,82.0,85.0
138,sub0413,1.0,2.0,0.0,0.0,0.0,3.0,60.0,9.0,51.0,83.0,75.0,80.0,80.0,70.0,75.0,66.0,81.0,3.0,4.0,4.0,3.0,2.0,3.0,2.0,67,53.0,67.0,53.0,76.0,62.0,77.0,52.0,30.0,25,73,70,60,65.0,74.0,86.0,64.0
139,sub0387,78.0,31.0,17.0,6.0,0.0,61.0,66.0,5.0,3.0,83.0,99.0,76.0,81.0,66.0,93.0,96.0,70.0,2.0,2.0,4.0,2.0,1.0,3.0,2.0,10,70.0,50.0,86.0,66.0,24.0,14.0,80.0,32.0,82,75,58,18,14.0,9.0,12.0,83.0
140,sub0471,21.0,14.0,3.0,8.0,9.0,5.0,70.0,3.0,5.0,4.0,7.0,16.0,24.0,35.0,94.0,14.0,6.0,0.0,0.0,0.0,0.0,0.0,0.0,0.0,4,16.0,95.0,86.0,17.0,9.0,5.0,82.0,72.0,14,25,15,75,76.0,96.0,55.0,10.0
141,sub0039,65.0,48.0,32.0,16.0,1.0,1.0,72.0,80.0,83.0,82.0,94.0,97.0,85.0,93.0,98.0,99.0,96.0,3.0,3.0,4.0,4.0,2.0,4.0,2.0,59,50.0,37.0,100.0,87.0,71.0,74.0,53.0,38.0,62,74,64,51,43.0,32.0,22.0,50.0
142,sub0596,0.0,0.0,0.0,0.0,0.0,100.0,51.0,54.0,57.0,53.0,55.0,60.0,100.0,0.0,0.0,1.0,59.0,0.0,0.0,4.0,1.0,1.0,0.0,0.0,0,1.0,0.0,0.0,0.0,0.0,1.0,99.0,100.0,0,2,13,1,1.0,0.0,1.0,1.0
143,sub0151,0.0,0.0,0.0,0.0,0.0,65.0,100.0,35.0,9.0,75.0,100.0,100.0,70.0,100.0,100.0,100.0,100.0,4.0,4.0,4.0,4.0,4.0,4.0,4.0,61,75.0,88.0,100.0,100.0,66.0,100.0,76.0,27.0,82,0,100,74,75.0,64.0,64.0,100.0
144,sub0445,0.0,0.0,0.0,0.0,0.0,46.0,100.0,63.0,80.0,93.0,100.0,100.0,86.0,96.0,96.0,99.0,100.0,4.0,4.0,4.0,4.0,4.0,4.0,3.0,40,63.0,82.0,77.0,99.0,54.0,90.0,96.0,10.0,29,19,95,92,45.0,47.0,47.0,96.0
145,sub0429,1.0,0.0,0.0,0.0,0.0,7.0,94.0,0.0,8.0,77.0,95.0,75.0,66.0,62.0,63.0,64.0,96.0,4.0,4.0,4.0,4.0,4.0,4.0,3.0,37,50.0,49.0,72.0,100.0,56.0,56.0,94.0,58.0,25,0,69,49,63.0,66.0,51.0,88.0
146,sub0274,0.0,0.0,0.0,0.0,0.0,64.0,94.0,49.0,53.0,54.0,100.0,100.0,59.0,56.0,56.0,55.0,100.0,2.0,2.0,3.0,3.0,3.0,4.0,3.0,68,49.0,56.0,81.0,79.0,72.0,68.0,86.0,78.0,51,0,63,58,59.0,55.0,55.0,48.0
147,sub0100,68.0,0.0,0.0,0.0,0.0,12.0,74.0,9.0,9.0,64.0,84.0,75.0,82.0,63.0,76.0,79.0,77.0,3.0,3.0,3.0,3.0,3.0,3.0,3.0,30,30.0,59.0,94.0,71.0,65.0,58.0,79.0,41.0,43,27,43,39,39.0,38.0,41.0,94.0
148,sub0304,0.0,0.0,0.0,0.0,0.0,63.0,88.0,0.0,0.0,65.0,13.0,78.0,1.0,17.0,26.0,16.0,100.0,3.0,3.0,3.0,2.0,1.0,1.0,0.0,54,100.0,27.0,81.0,70.0,90.0,24.0,100.0,11.0,100,100,77,52,26.0,0.0,0.0,20.0
149,sub0002,0.0,0.0,0.0,0.0,0.0,18.0,85.0,18.0,7.0,67.0,95.0,91.0,94.0,75.0,81.0,97.0,86.0,3.0,3.0,3.0,2.0,3.0,4.0,4.0,25,72.0,64.0,89.0,100.0,100.0,99.0,99.0,37.0,27,49,77,71,66.0,100.0,100.0,85.0
150,sub0597,0.0,0.0,0.0,0.0,0.0,69.0,100.0,19.0,16.0,36.0,100.0,100.0,17.0,17.0,12.0,9.0,100.0,1.0,3.0,1.0,0.0,3.0,4.0,3.0,53,75.0,90.0,43.0,100.0,33.0,75.0,66.0,0.0,45,82,98,59,76.0,84.0,76.0,95.0
151,sub0541,1.0,0.0,0.0,0.0,0.0,61.0,57.0,52.0,62.0,56.0,57.0,67.0,54.0,71.0,74.0,81.0,64.0,3.0,3.0,4.0,4.0,4.0,4.0,3.0,52,64.0,57.0,64.0,72.0,62.0,69.0,71.0,43.0,76,84,79,56,51.0,59.0,58.0,62.0
152,sub0435,0.0,0.0,0.0,0.0,0.0,0.0,88.0,61.0,65.0,84.0,48.0,97.0,78.0,69.0,69.0,79.0,70.0,4.0,3.0,1.0,3.0,3.0,4.0,3.0,27,70.0,0.0,17.0,23.0,14.0,64.0,85.0,1.0,50,37,54,68,54.0,65.0,73.0,14.0
153,sub0462,1.0,0.0,0.0,0.0,0.0,10.0,100.0,45.0,43.0,34.0,100.0,100.0,38.0,16.0,8.0,10.0,100.0,3.0,0.0,3.0,0.0,0.0,2.0,0.0,0,55.0,1.0,4.0,100.0,86.0,12.0,100.0,48.0,5,100,100,4,12.0,16.0,16.0,32.0
154,sub0474,40.0,25.0,10.0,2.0,0.0,38.0,37.0,35.0,68.0,60.0,94.0,65.0,33.0,47.0,58.0,66.0,70.0,4.0,3.0,3.0,3.0,3.0,3.0,3.0,21,60.0,48.0,53.0,64.0,70.0,64.0,77.0,38.0,55,59,65,37,52.0,60.0,75.0,56.0
155,sub0378,0.0,0.0,0.0,0.0,0.0,64.0,62.0,20.0,49.0,92.0,92.0,91.0,100.0,77.0,84.0,97.0,88.0,4.0,4.0,4.0,4.0,3.0,4.0,3.0,25,90.0,54.0,85.0,100.0,100.0,100.0,68.0,27.0,79,100,68,27,39.0,43.0,54.0,77.0
156,sub0561,82.0,32.0,7.0,0.0,0.0,71.0,64.0,93.0,100.0,85.0,98.0,78.0,87.0,100.0,82.0,93.0,88.0,3.0,3.0,3.0,4.0,3.0,3.0,3.0,77,62.0,78.0,50.0,82.0,90.0,100.0,38.0,22.0,21,72,69,84,100.0,100.0,100.0,100.0
157,sub0422,65.0,0.0,0.0,0.0,0.0,21.0,77.0,56.0,8.0,81.0,89.0,88.0,79.0,72.0,79.0,74.0,92.0,3.0,3.0,4.0,3.0,3.0,3.0,3.0,64,72.0,46.0,49.0,58.0,52.0,68.0,34.0,3.0,80,80,74,82,72.0,48.0,58.0,70.0
158,sub0278,100.0,100.0,100.0,100.0,100.0,0.0,0.0,0.0,0.0,100.0,100.0,61.0,100.0,65.0,67.0,47.0,81.0,3.0,3.0,3.0,2.0,4.0,2.0,4.0,48,100.0,85.0,60.0,89.0,100.0,100.0,95.0,20.0,91,75,65,100,23.0,80.0,94.0,100.0
159,sub0638,0.0,0.0,0.0,0.0,0.0,13.0,50.0,0.0,0.0,0.0,62.0,52.0,53.0,52.0,54.0,53.0,55.0,3.0,3.0,3.0,3.0,1.0,4.0,2.0,51,50.0,49.0,51.0,80.0,60.0,50.0,53.0,50.0,93,95,88,50,49.0,50.0,51.0,49.0
160,sub0357,4.0,2.0,0.0,0.0,0.0,40.0,13.0,16.0,10.0,83.0,92.0,84.0,85.0,4.0,4.0,7.0,86.0,0.0,1.0,3.0,0.0,1.0,0.0,2.0,11,23.0,7.0,15.0,20.0,32.0,24.0,83.0,31.0,20,37,21,29,30.0,39.0,54.0,8.0
161,sub0426,0.0,0.0,0.0,0.0,0.0,48.0,23.0,20.0,14.0,70.0,100.0,80.0,70.0,65.0,65.0,73.0,69.0,3.0,3.0,3.0,3.0,3.0,3.0,3.0,75,81.0,65.0,42.0,71.0,72.0,69.0,53.0,13.0,86,100,86,78,81.0,82.0,69.0,84.0
162,sub0195,1.0,1.0,1.0,1.0,0.0,24.0,98.0,98.0,97.0,95.0,100.0,99.0,99.0,67.0,90.0,82.0,100.0,4.0,1.0,4.0,3.0,1.0,4.0,4.0,77,37.0,75.0,100.0,76.0,24.0,92.0,84.0,66.0,47,47,87,96,100.0,99.0,98.0,95.0
163,sub0420,0.0,0.0,0.0,0.0,0.0,0.0,100.0,0.0,0.0,100.0,100.0,100.0,100.0,31.0,43.0,52.0,100.0,2.0,3.0,3.0,3.0,3.0,4.0,4.0,27,54.0,31.0,100.0,100.0,29.0,42.0,100.0,67.0,37,0,100,51,43.0,36.0,35.0,100.0
164,sub0040,67.0,61.0,30.0,11.0,0.0,1.0,95.0,0.0,0.0,54.0,99.0,99.0,21.0,6.0,9.0,1.0,100.0,0.0,0.0,2.0,0.0,0.0,0.0,1.0,28,46.0,20.0,24.0,91.0,12.0,29.0,85.0,25.0,22,13,65,36,82.0,79.0,79.0,63.0
165,sub0080,15.0,0.0,0.0,0.0,0.0,47.0,62.0,41.0,41.0,73.0,90.0,84.0,79.0,63.0,81.0,67.0,75.0,3.0,3.0,4.0,3.0,4.0,3.0,3.0,32,57.0,39.0,32.0,28.0,46.0,41.0,64.0,41.0,63,47,43,34,30.0,39.0,59.0,56.0
166,sub0502,0.0,0.0,0.0,0.0,0.0,32.0,70.0,62.0,60.0,64.0,58.0,61.0,70.0,67.0,71.0,71.0,60.0,4.0,4.0,4.0,4.0,4.0,4.0,4.0,87,83.0,80.0,85.0,87.0,89.0,85.0,90.0,38.0,99,93,90,92,76.0,72.0,89.0,39.0
167,sub0243,100.0,82.0,86.0,52.0,12.0,72.0,5.0,0.0,0.0,17.0,48.0,68.0,48.0,28.0,26.0,27.0,80.0,0.0,1.0,0.0,1.0,0.0,0.0,0.0,20,10.0,74.0,73.0,75.0,58.0,74.0,49.0,63.0,61,86,64,9,6.0,13.0,22.0,94.0
168,sub0411,0.0,1.0,1.0,1.0,0.0,60.0,53.0,35.0,47.0,98.0,100.0,99.0,100.0,99.0,100.0,100.0,99.0,4.0,4.0,4.0,4.0,4.0,4.0,4.0,73,98.0,97.0,98.0,92.0,99.0,97.0,97.0,34.0,100,100,100,100,96.0,100.0,100.0,100.0
169,sub0279,0.0,0.0,0.0,0.0,1.0,0.0,83.0,63.0,68.0,87.0,97.0,76.0,77.0,70.0,70.0,45.0,78.0,4.0,4.0,4.0,3.0,3.0,4.0,3.0,80,49.0,100.0,100.0,68.0,88.0,82.0,68.0,19.0,51,66,64,94,60.0,48.0,44.0,83.0
170,sub0409,0.0,0.0,0.0,0.0,0.0,69.0,83.0,60.0,55.0,97.0,90.0,51.0,97.0,80.0,82.0,84.0,82.0,3.0,4.0,3.0,3.0,3.0,4.0,2.0,48,98.0,81.0,97.0,100.0,74.0,70.0,51.0,30.0,70,50,95,58,66.0,62.0,61.0,100.0
171,sub0384,12.0,10.0,4.0,6.0,9.0,10.0,92.0,20.0,90.0,88.0,57.0,89.0,92.0,4.0,8.0,2.0,78.0,4.0,4.0,4.0,3.0,3.0,3.0,3.0,26,86.0,88.0,84.0,92.0,90.0,92.0,99.0,86.0,82,100,100,47,70.0,85.0,100.0,89.0
172,sub0510,85.0,100.0,25.0,0.0,0.0,0.0,0.0,0.0,0.0,0.0,100.0,100.0,17.0,14.0,62.0,82.0,100.0,3.0,1.0,3.0,2.0,1.0,1.0,0.0,100,50.0,0.0,0.0,100.0,0.0,0.0,100.0,78.0,0,100,100,79,77.0,84.0,64.0,17.0
173,sub0446,0.0,0.0,0.0,0.0,0.0,0.0,12.0,6.0,0.0,66.0,22.0,9.0,67.0,0.0,0.0,1.0,24.0,0.0,1.0,1.0,1.0,0.0,3.0,3.0,20,100.0,17.0,53.0,52.0,53.0,51.0,42.0,0.0,11,29,77,2,50.0,83.0,80.0,100.0
174,sub0503,40.0,2.0,0.0,0.0,0.0,77.0,86.0,56.0,40.0,76.0,83.0,92.0,71.0,85.0,92.0,94.0,83.0,4.0,4.0,4.0,3.0,4.0,4.0,3.0,70,54.0,67.0,99.0,79.0,70.0,68.0,84.0,32.0,51,9,57,91,58.0,55.0,63.0,75.0
175,sub0084,0.0,0.0,0.0,0.0,0.0,55.0,100.0,54.0,0.0,56.0,79.0,67.0,61.0,47.0,65.0,78.0,88.0,3.0,3.0,4.0,3.0,3.0,1.0,3.0,53,66.0,41.0,19.0,54.0,30.0,60.0,95.0,42.0,32,0,34,53,32.0,58.0,64.0,71.0
176,sub0415,0.0,0.0,0.0,0.0,0.0,39.0,84.0,4.0,45.0,75.0,98.0,98.0,66.0,45.0,49.0,32.0,96.0,2.0,0.0,2.0,2.0,1.0,4.0,2.0,7,42.0,75.0,82.0,85.0,61.0,67.0,86.0,8.0,61,69,58,46,41.0,60.0,62.0,28.0
177,sub0397,22.0,0.0,0.0,0.0,0.0,0.0,100.0,19.0,0.0,99.0,100.0,100.0,59.0,0.0,81.0,65.0,100.0,3.0,3.0,4.0,2.0,3.0,4.0,2.0,12,50.0,19.0,87.0,0.0,0.0,83.0,100.0,31.0,0,0,0,52,28.0,19.0,21.0,76.0
178,sub0473,0.0,0.0,0.0,0.0,0.0,16.0,100.0,79.0,81.0,98.0,100.0,100.0,93.0,93.0,93.0,92.0,100.0,0.0,4.0,4.0,3.0,3.0,4.0,3.0,47,95.0,22.0,96.0,91.0,89.0,100.0,99.0,29.0,96,2,65,50,62.0,77.0,76.0,85.0
179,sub0598,0.0,0.0,0.0,0.0,0.0,0.0,100.0,100.0,100.0,100.0,100.0,100.0,100.0,100.0,100.0,100.0,100.0,4.0,4.0,4.0,4.0,4.0,4.0,4.0,82,100.0,76.0,100.0,100.0,100.0,100.0,0.0,0.0,100,100,100,52,53.0,52.0,51.0,100.0
180,sub0552,0.0,0.0,0.0,0.0,0.0,1.0,99.0,7.0,0.0,87.0,100.0,98.0,89.0,72.0,76.0,73.0,99.0,0.0,4.0,1.0,1.0,3.0,3.0,3.0,35,51.0,12.0,83.0,50.0,58.0,49.0,91.0,24.0,68,0,15,53,41.0,52.0,68.0,77.0
181,sub0464,0.0,0.0,0.0,0.0,0.0,0.0,17.0,0.0,0.0,64.0,65.0,100.0,75.0,27.0,83.0,87.0,71.0,1.0,1.0,1.0,1.0,3.0,4.0,1.0,21,20.0,6.0,13.0,28.0,19.0,18.0,93.0,72.0,25,3,42,26,20.0,26.0,30.0,19.0
182,sub0329,0.0,0.0,0.0,0.0,0.0,1.0,97.0,5.0,49.0,82.0,100.0,100.0,99.0,50.0,49.0,32.0,100.0,2.0,4.0,3.0,2.0,4.0,4.0,3.0,34,81.0,28.0,51.0,85.0,86.0,100.0,100.0,6.0,32,21,75,65,74.0,100.0,100.0,19.0
183,sub0479,0.0,0.0,0.0,0.0,0.0,43.0,83.0,100.0,68.0,86.0,97.0,99.0,82.0,98.0,100.0,100.0,94.0,4.0,4.0,4.0,4.0,4.0,4.0,4.0,69,92.0,100.0,100.0,87.0,99.0,88.0,89.0,63.0,97,100,100,59,63.0,73.0,75.0,86.0
184,sub0290,57.0,4.0,2.0,2.0,1.0,5.0,74.0,4.0,2.0,92.0,95.0,90.0,92.0,2.0,5.0,3.0,89.0,2.0,0.0,3.0,0.0,2.0,3.0,1.0,86,28.0,6.0,47.0,5.0,5.0,11.0,78.0,78.0,11,11,11,88,80.0,84.0,84.0,85.0
185,sub0585,0.0,0.0,0.0,0.0,0.0,0.0,100.0,3.0,100.0,66.0,100.0,100.0,48.0,87.0,100.0,65.0,100.0,3.0,1.0,4.0,4.0,3.0,4.0,1.0,27,20.0,30.0,92.0,98.0,24.0,71.0,96.0,44.0,23,77,98,38,23.0,12.0,3.0,3.0
186,sub0183,0.0,0.0,0.0,0.0,0.0,0.0,50.0,0.0,0.0,78.0,68.0,70.0,100.0,0.0,19.0,0.0,66.0,1.0,0.0,1.0,0.0,0.0,0.0,2.0,49,81.0,3.0,3.0,73.0,51.0,51.0,91.0,65.0,50,50,64,50,50.0,68.0,71.0,85.0
187,sub0158,15.0,0.0,1.0,0.0,0.0,14.0,19.0,60.0,73.0,69.0,68.0,71.0,76.0,79.0,78.0,77.0,70.0,2.0,0.0,4.0,4.0,4.0,4.0,2.0,27,96.0,51.0,76.0,77.0,56.0,88.0,96.0,13.0,53,14,18,65,55.0,70.0,93.0,100.0
188,sub0516,0.0,0.0,0.0,0.0,0.0,30.0,67.0,2.0,81.0,61.0,99.0,99.0,55.0,16.0,25.0,19.0,96.0,3.0,2.0,3.0,3.0,3.0,4.0,2.0,23,33.0,8.0,11.0,48.0,31.0,19.0,59.0,21.0,28,44,51,14,18.0,31.0,48.0,14.0
189,sub0062,100.0,0.0,0.0,0.0,0.0,34.0,97.0,2.0,0.0,100.0,100.0,100.0,100.0,93.0,86.0,79.0,100.0,3.0,3.0,3.0,3.0,3.0,3.0,3.0,100,35.0,100.0,100.0,100.0,18.0,82.0,84.0,9.0,20,7,85,100,86.0,92.0,90.0,58.0
190,sub0190,0.0,0.0,0.0,0.0,0.0,0.0,100.0,100.0,100.0,100.0,100.0,100.0,100.0,100.0,100.0,100.0,100.0,4.0,4.0,4.0,4.0,4.0,4.0,3.0,82,100.0,99.0,100.0,100.0,100.0,100.0,96.0,81.0,100,100,100,100,78.0,75.0,61.0,49.0
191,sub0146,11.0,0.0,0.0,0.0,0.0,33.0,97.0,0.0,0.0,89.0,100.0,100.0,65.0,69.0,87.0,100.0,100.0,4.0,4.0,4.0,3.0,4.0,4.0,3.0,48,67.0,100.0,100.0,100.0,49.0,50.0,77.0,15.0,48,38,74,51,48.0,47.0,46.0,71.0
192,sub0076,0.0,0.0,0.0,0.0,0.0,24.0,88.0,17.0,79.0,50.0,91.0,90.0,57.0,90.0,92.0,98.0,67.0,0.0,1.0,3.0,3.0,2.0,3.0,2.0,67,79.0,76.0,100.0,100.0,77.0,81.0,86.0,48.0,87,100,93,71,62.0,72.0,73.0,86.0
193,sub0073,0.0,0.0,0.0,0.0,0.0,2.0,82.0,0.0,0.0,0.0,100.0,49.0,0.0,77.0,90.0,89.0,100.0,1.0,3.0,2.0,3.0,3.0,4.0,3.0,76,86.0,83.0,83.0,84.0,83.0,87.0,83.0,9.0,81,75,85,86,87.0,87.0,89.0,67.0
194,sub0438,50.0,29.0,9.0,0.0,0.0,9.0,50.0,12.0,49.0,62.0,77.0,47.0,16.0,15.0,13.0,16.0,76.0,3.0,2.0,2.0,1.0,1.0,3.0,2.0,15,85.0,13.0,13.0,21.0,13.0,17.0,68.0,48.0,27,12,27,30,34.0,48.0,57.0,84.0
195,sub0156,0.0,0.0,0.0,0.0,0.0,98.0,100.0,94.0,92.0,100.0,100.0,100.0,100.0,100.0,100.0,100.0,100.0,4.0,4.0,4.0,4.0,4.0,4.0,4.0,86,82.0,72.0,100.0,100.0,99.0,100.0,100.0,42.0,88,2,99,98,98.0,99.0,100.0,99.0
196,sub0181,0.0,0.0,0.0,0.0,0.0,11.0,59.0,53.0,48.0,66.0,29.0,78.0,43.0,22.0,67.0,32.0,15.0,1.0,2.0,3.0,3.0,1.0,2.0,3.0,4,48.0,11.0,69.0,52.0,17.0,50.0,74.0,50.0,33,46,52,44,56.0,70.0,86.0,66.0
197,sub0636,83.0,16.0,7.0,0.0,0.0,98.0,100.0,13.0,14.0,100.0,100.0,100.0,100.0,100.0,100.0,100.0,100.0,4.0,4.0,4.0,4.0,3.0,4.0,4.0,99,95.0,0.0,100.0,75.0,100.0,100.0,92.0,0.0,100,97,87,100,72.0,63.0,50.0,100.0
198,sub0476,4.0,0.0,0.0,0.0,0.0,7.0,94.0,10.0,15.0,90.0,93.0,65.0,83.0,48.0,60.0,47.0,96.0,3.0,4.0,4.0,3.0,4.0,4.0,0.0,41,66.0,13.0,83.0,96.0,85.0,83.0,79.0,25.0,81,0,96,49,45.0,42.0,58.0,28.0
199,sub0015,0.0,0.0,0.0,0.0,0.0,4.0,100.0,0.0,0.0,96.0,100.0,100.0,98.0,7.0,100.0,100.0,100.0,4.0,0.0,4.0,4.0,3.0,4.0,1.0,36,87.0,71.0,100.0,85.0,65.0,91.0,83.0,58.0,75,0,62,48,56.0,76.0,85.0,41.0
200,sub0259,84.0,20.0,0.0,0.0,0.0,23.0,88.0,11.0,15.0,76.0,83.0,88.0,98.0,50.0,93.0,85.0,83.0,3.0,4.0,3.0,2.0,3.0,4.0,2.0,80,80.0,21.0,88.0,97.0,95.0,100.0,99.0,3.0,85,80,99,91,90.0,100.0,98.0,13.0
201,sub0407,0.0,0.0,0.0,0.0,0.0,25.0,100.0,0.0,0.0,44.0,73.0,81.0,70.0,82.0,86.0,100.0,75.0,3.0,3.0,3.0,3.0,3.0,4.0,3.0,13,87.0,77.0,91.0,90.0,85.0,85.0,15.0,24.0,72,49,51,21,33.0,39.0,47.0,89.0
202,sub0111,0.0,0.0,0.0,0.0,0.0,86.0,97.0,0.0,0.0,51.0,72.0,83.0,1.0,56.0,86.0,100.0,50.0,3.0,3.0,3.0,3.0,3.0,4.0,3.0,35,66.0,50.0,100.0,92.0,33.0,68.0,88.0,9.0,79,51,68,25,31.0,44.0,68.0,5.0
203,sub0282,0.0,0.0,0.0,0.0,0.0,45.0,99.0,16.0,42.0,97.0,100.0,100.0,49.0,18.0,29.0,25.0,100.0,1.0,3.0,3.0,1.0,3.0,4.0,3.0,18,64.0,24.0,24.0,96.0,18.0,58.0,92.0,20.0,43,81,96,61,62.0,77.0,84.0,63.0
204,sub0544,0.0,0.0,0.0,0.0,0.0,0.0,100.0,25.0,82.0,0.0,73.0,100.0,100.0,3.0,1.0,5.0,68.0,3.0,3.0,3.0,2.0,3.0,4.0,3.0,74,12.0,22.0,93.0,84.0,79.0,76.0,99.0,0.0,95,69,16,82,63.0,65.0,66.0,52.0
205,sub0273,7.0,2.0,0.0,0.0,0.0,35.0,69.0,62.0,43.0,69.0,100.0,100.0,76.0,92.0,96.0,93.0,100.0,3.0,4.0,3.0,3.0,3.0,4.0,3.0,64,74.0,99.0,87.0,72.0,95.0,83.0,58.0,38.0,58,50,67,73,62.0,67.0,91.0,70.0
206,sub0453,0.0,0.0,0.0,0.0,0.0,0.0,99.0,99.0,79.0,100.0,100.0,100.0,100.0,32.0,20.0,12.0,100.0,4.0,3.0,4.0,3.0,3.0,4.0,2.0,0,0.0,0.0,0.0,0.0,0.0,0.0,100.0,41.0,13,49,50,0,33.0,37.0,53.0,0.0
207,sub0624,0.0,0.0,0.0,0.0,0.0,5.0,71.0,0.0,24.0,88.0,67.0,43.0,60.0,9.0,51.0,62.0,65.0,1.0,1.0,1.0,1.0,1.0,1.0,1.0,47,57.0,49.0,50.0,57.0,37.0,52.0,54.0,50.0,78,62,75,52,50.0,49.0,50.0,50.0
208,sub0311,13.0,3.0,0.0,0.0,0.0,31.0,79.0,67.0,51.0,66.0,86.0,86.0,69.0,73.0,88.0,84.0,86.0,4.0,3.0,4.0,4.0,4.0,3.0,3.0,73,62.0,65.0,83.0,79.0,52.0,62.0,72.0,36.0,47,23,70,83,72.0,77.0,73.0,75.0
209,sub0261,21.0,0.0,0.0,0.0,0.0,2.0,95.0,15.0,48.0,38.0,100.0,97.0,76.0,17.0,68.0,98.0,99.0,4.0,3.0,4.0,3.0,4.0,3.0,2.0,55,46.0,55.0,88.0,35.0,44.0,51.0,87.0,7.0,49,2,28,67,67.0,64.0,64.0,70.0
210,sub0490,0.0,0.0,0.0,0.0,0.0,15.0,91.0,67.0,62.0,100.0,100.0,100.0,99.0,61.0,91.0,94.0,100.0,3.0,3.0,4.0,3.0,3.0,3.0,1.0,60,50.0,89.0,75.0,100.0,40.0,77.0,79.0,9.0,35,13,90,59,66.0,87.0,77.0,76.0
211,sub0291,0.0,0.0,0.0,0.0,0.0,50.0,100.0,0.0,0.0,86.0,99.0,100.0,99.0,51.0,77.0,50.0,100.0,4.0,4.0,4.0,4.0,4.0,4.0,4.0,86,82.0,83.0,81.0,91.0,85.0,86.0,88.0,4.0,88,100,92,85,79.0,83.0,81.0,82.0
212,sub0175,67.0,0.0,0.0,0.0,0.0,49.0,98.0,84.0,84.0,97.0,100.0,100.0,69.0,49.0,96.0,94.0,100.0,3.0,1.0,4.0,3.0,1.0,3.0,0.0,64,70.0,51.0,96.0,51.0,33.0,61.0,97.0,30.0,50,8,36,97,96.0,98.0,96.0,97.0
213,sub0434,4.0,0.0,0.0,0.0,0.0,100.0,81.0,90.0,21.0,99.0,99.0,100.0,100.0,79.0,80.0,82.0,86.0,4.0,4.0,4.0,4.0,3.0,4.0,3.0,33,32.0,86.0,85.0,70.0,70.0,77.0,86.0,46.0,36,78,73,30,29.0,27.0,30.0,32.0
214,sub0228,2.0,0.0,0.0,0.0,0.0,55.0,83.0,76.0,71.0,56.0,82.0,99.0,36.0,52.0,66.0,60.0,82.0,3.0,3.0,4.0,3.0,3.0,4.0,3.0,73,78.0,34.0,87.0,86.0,80.0,87.0,81.0,0.0,68,61,77,70,73.0,88.0,99.0,75.0
215,sub0396,0.0,0.0,0.0,0.0,0.0,64.0,100.0,100.0,100.0,100.0,100.0,100.0,100.0,100.0,100.0,100.0,100.0,4.0,4.0,4.0,4.0,4.0,4.0,4.0,62,100.0,100.0,100.0,100.0,100.0,100.0,93.0,0.0,97,22,100,61,62.0,52.0,63.0,100.0
216,sub0122,79.0,44.0,14.0,0.0,0.0,11.0,100.0,0.0,0.0,88.0,82.0,86.0,100.0,19.0,19.0,17.0,84.0,3.0,2.0,3.0,2.0,2.0,1.0,1.0,1,1.0,1.0,2.0,100.0,1.0,2.0,100.0,78.0,5,100,100,1,0.0,0.0,1.0,46.0
217,sub0315,0.0,0.0,0.0,0.0,0.0,25.0,91.0,2.0,5.0,93.0,100.0,100.0,95.0,99.0,100.0,99.0,99.0,4.0,4.0,4.0,4.0,4.0,4.0,4.0,60,82.0,69.0,51.0,73.0,41.0,60.0,100.0,56.0,31,82,85,64,66.0,79.0,83.0,98.0
218,sub0161,0.0,0.0,0.0,0.0,0.0,55.0,100.0,5.0,4.0,81.0,100.0,100.0,66.0,94.0,89.0,91.0,100.0,3.0,3.0,3.0,3.0,3.0,3.0,3.0,54,52.0,1.0,86.0,86.0,78.0,78.0,70.0,61.0,25,18,50,56,56.0,71.0,81.0,51.0
219,sub0391,83.0,78.0,75.0,53.0,34.0,49.0,16.0,48.0,13.0,32.0,75.0,8.0,21.0,34.0,44.0,48.0,61.0,2.0,1.0,2.0,1.0,1.0,1.0,2.0,5,40.0,15.0,20.0,19.0,2.0,33.0,76.0,50.0,64,6,41,13,52.0,46.0,47.0,13.0
220,sub0547,75.0,0.0,0.0,0.0,0.0,3.0,61.0,71.0,63.0,76.0,51.0,72.0,69.0,71.0,67.0,69.0,77.0,4.0,3.0,2.0,3.0,2.0,2.0,3.0,45,77.0,55.0,61.0,75.0,85.0,84.0,68.0,67.0,59,58,52,70,63.0,80.0,66.0,82.0
221,sub0629,56.0,46.0,31.0,25.0,16.0,100.0,83.0,71.0,83.0,77.0,80.0,87.0,89.0,6.0,13.0,20.0,85.0,3.0,0.0,0.0,2.0,0.0,3.0,3.0,0,33.0,23.0,38.0,50.0,43.0,34.0,68.0,56.0,22,39,26,46,23.0,35.0,33.0,35.0
222,sub0206,0.0,0.0,0.0,0.0,0.0,1.0,90.0,90.0,92.0,100.0,100.0,100.0,92.0,64.0,85.0,92.0,100.0,4.0,3.0,2.0,3.0,3.0,3.0,3.0,26,79.0,0.0,16.0,68.0,45.0,28.0,99.0,4.0,61,87,86,45,49.0,54.0,54.0,94.0
223,sub0192,4.0,1.0,0.0,0.0,0.0,76.0,85.0,51.0,58.0,89.0,96.0,99.0,82.0,72.0,74.0,51.0,100.0,3.0,4.0,4.0,3.0,4.0,4.0,3.0,25,77.0,32.0,53.0,89.0,26.0,43.0,70.0,48.0,15,15,83,28,58.0,33.0,68.0,87.0
224,sub0395,1.0,0.0,0.0,0.0,1.0,72.0,66.0,74.0,80.0,81.0,75.0,69.0,82.0,59.0,66.0,59.0,77.0,3.0,3.0,3.0,3.0,3.0,4.0,3.0,75,70.0,82.0,75.0,71.0,80.0,83.0,85.0,72.0,71,83,74,78,73.0,72.0,68.0,66.0
225,sub0571,0.0,0.0,0.0,0.0,0.0,26.0,49.0,0.0,59.0,75.0,65.0,61.0,59.0,49.0,48.0,67.0,62.0,1.0,3.0,3.0,2.0,3.0,2.0,2.0,60,79.0,49.0,50.0,95.0,70.0,69.0,49.0,30.0,83,86,79,68,70.0,72.0,85.0,87.0
226,sub0412,71.0,10.0,0.0,1.0,0.0,15.0,74.0,94.0,0.0,88.0,11.0,23.0,95.0,96.0,93.0,86.0,80.0,4.0,4.0,4.0,3.0,3.0,3.0,1.0,9,14.0,2.0,94.0,57.0,1.0,9.0,93.0,98.0,13,64,65,12,7.0,1.0,48.0,68.0
227,sub0330,0.0,0.0,0.0,0.0,0.0,67.0,100.0,68.0,66.0,99.0,100.0,99.0,100.0,64.0,74.0,92.0,100.0,4.0,2.0,4.0,3.0,2.0,2.0,3.0,90,100.0,56.0,62.0,99.0,100.0,100.0,100.0,16.0,99,100,99,100,100.0,100.0,100.0,78.0
228,sub0625,,,,,,,,,,,,,,,,,,,,,,,,,94,,,,,,,,,19,100,100,100,,,,
229,sub0447,1.0,0.0,0.0,0.0,0.0,100.0,56.0,63.0,75.0,69.0,100.0,100.0,31.0,89.0,100.0,6.0,100.0,3.0,3.0,3.0,3.0,2.0,4.0,2.0,43,82.0,89.0,83.0,98.0,89.0,82.0,96.0,12.0,48,39,50,60,55.0,92.0,86.0,67.0
230,sub0171,6.0,0.0,0.0,0.0,0.0,2.0,91.0,13.0,43.0,52.0,95.0,100.0,96.0,100.0,100.0,100.0,94.0,0.0,3.0,3.0,4.0,3.0,2.0,3.0,97,99.0,100.0,100.0,100.0,100.0,100.0,94.0,57.0,97,95,100,100,88.0,83.0,78.0,100.0
231,sub0610,96.0,0.0,0.0,0.0,0.0,49.0,69.0,0.0,0.0,91.0,80.0,54.0,42.0,30.0,28.0,27.0,62.0,2.0,3.0,2.0,2.0,3.0,3.0,2.0,59,73.0,67.0,69.0,74.0,79.0,74.0,79.0,20.0,72,86,77,51,64.0,80.0,91.0,71.0
232,sub0530,0.0,0.0,0.0,0.0,0.0,70.0,95.0,50.0,48.0,50.0,49.0,100.0,94.0,86.0,92.0,94.0,97.0,3.0,3.0,3.0,3.0,3.0,3.0,3.0,96,50.0,95.0,92.0,96.0,96.0,99.0,100.0,89.0,52,81,96,90,89.0,90.0,92.0,89.0
233,sub0200,0.0,0.0,0.0,0.0,0.0,37.0,100.0,100.0,100.0,100.0,100.0,100.0,100.0,58.0,88.0,100.0,100.0,4.0,4.0,4.0,4.0,4.0,4.0,2.0,57,87.0,59.0,65.0,100.0,87.0,84.0,100.0,25.0,72,90,90,76,66.0,60.0,63.0,89.0
234,sub0210,0.0,1.0,0.0,1.0,0.0,2.0,51.0,6.0,15.0,72.0,78.0,81.0,75.0,49.0,68.0,96.0,81.0,3.0,2.0,3.0,2.0,2.0,3.0,2.0,54,73.0,49.0,91.0,33.0,54.0,72.0,99.0,27.0,52,75,75,77,74.0,47.0,46.0,98.0
235,sub0301,0.0,0.0,0.0,0.0,0.0,3.0,50.0,27.0,23.0,21.0,51.0,0.0,10.0,7.0,4.0,7.0,13.0,3.0,3.0,3.0,2.0,2.0,2.0,1.0,4,86.0,1.0,49.0,94.0,50.0,53.0,89.0,51.0,51,94,91,51,87.0,97.0,100.0,51.0
236,sub0094,70.0,74.0,72.0,75.0,39.0,0.0,3.0,1.0,0.0,55.0,72.0,71.0,74.0,37.0,19.0,7.0,74.0,2.0,1.0,3.0,1.0,0.0,0.0,0.0,19,47.0,0.0,21.0,57.0,14.0,7.0,82.0,67.0,30,38,55,32,27.0,47.0,57.0,57.0
237,sub0640,3.0,0.0,1.0,2.0,3.0,1.0,37.0,13.0,20.0,78.0,100.0,100.0,49.0,51.0,74.0,36.0,100.0,3.0,2.0,3.0,2.0,1.0,2.0,0.0,29,60.0,45.0,47.0,100.0,100.0,57.0,52.0,35.0,74,100,100,41,34.0,39.0,38.0,39.0
238,sub0202,88.0,0.0,0.0,0.0,3.0,86.0,90.0,5.0,8.0,61.0,73.0,68.0,75.0,83.0,78.0,74.0,70.0,3.0,3.0,3.0,3.0,3.0,3.0,3.0,79,81.0,86.0,85.0,85.0,86.0,86.0,90.0,93.0,82,85,82,90,92.0,93.0,90.0,82.0
239,sub0459,0.0,0.0,0.0,0.0,0.0,0.0,100.0,63.0,66.0,78.0,100.0,100.0,49.0,70.0,76.0,70.0,100.0,2.0,3.0,3.0,3.0,3.0,4.0,3.0,39,69.0,64.0,78.0,77.0,36.0,28.0,97.0,11.0,69,68,69,55,59.0,65.0,72.0,86.0
240,sub0024,0.0,0.0,0.0,0.0,0.0,0.0,94.0,90.0,28.0,100.0,100.0,50.0,13.0,100.0,100.0,100.0,91.0,4.0,4.0,3.0,4.0,3.0,4.0,3.0,16,85.0,12.0,100.0,68.0,32.0,26.0,70.0,58.0,65,0,74,46,38.0,45.0,52.0,70.0
241,sub0492,0.0,0.0,0.0,0.0,0.0,0.0,100.0,52.0,25.0,100.0,100.0,100.0,100.0,100.0,100.0,100.0,100.0,4.0,4.0,4.0,4.0,4.0,4.0,2.0,93,100.0,97.0,100.0,100.0,100.0,100.0,100.0,7.0,100,33,82,95,97.0,97.0,95.0,100.0
242,sub0482,0.0,0.0,0.0,0.0,0.0,0.0,100.0,49.0,48.0,50.0,99.0,100.0,52.0,48.0,48.0,46.0,100.0,4.0,4.0,4.0,4.0,4.0,4.0,4.0,0,0.0,0.0,0.0,0.0,0.0,0.0,99.0,0.0,2,5,4,0,1.0,38.0,55.0,0.0
243,sub0239,19.0,13.0,6.0,3.0,0.0,27.0,64.0,73.0,75.0,78.0,88.0,84.0,54.0,53.0,56.0,60.0,84.0,3.0,3.0,3.0,3.0,3.0,3.0,3.0,75,77.0,84.0,87.0,93.0,87.0,85.0,85.0,54.0,69,73,81,64,68.0,77.0,89.0,53.0
244,sub0105,7.0,5.0,7.0,7.0,6.0,50.0,82.0,79.0,83.0,83.0,80.0,84.0,88.0,46.0,48.0,49.0,84.0,3.0,1.0,3.0,2.0,3.0,3.0,1.0,95,66.0,30.0,32.0,70.0,73.0,70.0,74.0,26.0,31,65,78,75,97.0,97.0,98.0,72.0
245,sub0524,20.0,21.0,4.0,6.0,5.0,88.0,7.0,10.0,11.0,85.0,75.0,79.0,32.0,75.0,80.0,82.0,78.0,1.0,0.0,0.0,3.0,1.0,1.0,0.0,55,83.0,89.0,81.0,92.0,86.0,98.0,85.0,85.0,64,73,93,72,67.0,88.0,87.0,79.0
246,sub0258,0.0,0.0,0.0,0.0,0.0,0.0,47.0,48.0,77.0,100.0,100.0,100.0,100.0,100.0,100.0,100.0,100.0,3.0,3.0,3.0,3.0,3.0,3.0,3.0,40,51.0,50.0,50.0,88.0,90.0,97.0,82.0,82.0,10,68,57,43,67.0,88.0,77.0,51.0
247,sub0376,0.0,0.0,0.0,0.0,0.0,66.0,100.0,65.0,67.0,34.0,100.0,100.0,63.0,84.0,100.0,89.0,100.0,4.0,4.0,4.0,3.0,4.0,3.0,3.0,68,64.0,87.0,91.0,100.0,84.0,87.0,57.0,9.0,65,66,100,72,60.0,63.0,65.0,70.0
248,sub0298,11.0,0.0,0.0,0.0,0.0,86.0,100.0,69.0,70.0,70.0,100.0,100.0,65.0,0.0,0.0,0.0,100.0,0.0,1.0,1.0,1.0,0.0,1.0,3.0,0,50.0,0.0,0.0,33.0,0.0,0.0,83.0,20.0,0,3,22,0,56.0,77.0,96.0,10.0
249,sub0216,6.0,0.0,0.0,0.0,0.0,0.0,85.0,1.0,0.0,81.0,81.0,86.0,84.0,0.0,29.0,35.0,82.0,3.0,3.0,3.0,1.0,1.0,3.0,3.0,20,28.0,0.0,0.0,76.0,63.0,72.0,82.0,62.0,1,65,72,41,49.0,53.0,53.0,79.0
250,sub0054,12.0,0.0,0.0,0.0,0.0,13.0,50.0,2.0,0.0,79.0,81.0,49.0,77.0,17.0,72.0,12.0,49.0,1.0,3.0,4.0,1.0,3.0,2.0,2.0,50,67.0,74.0,72.0,71.0,69.0,69.0,75.0,35.0,33,57,72,62,52.0,64.0,65.0,65.0
251,sub0270,0.0,0.0,0.0,0.0,0.0,77.0,82.0,80.0,68.0,100.0,82.0,74.0,100.0,100.0,100.0,100.0,76.0,4.0,4.0,4.0,4.0,4.0,4.0,4.0,93,83.0,100.0,100.0,100.0,100.0,100.0,87.0,19.0,87,86,99,89,76.0,75.0,77.0,88.0
252,sub0522,0.0,0.0,0.0,0.0,0.0,46.0,92.0,52.0,50.0,100.0,100.0,100.0,100.0,48.0,47.0,46.0,100.0,4.0,4.0,4.0,4.0,3.0,3.0,4.0,46,45.0,46.0,52.0,94.0,56.0,55.0,63.0,5.0,50,43,91,38,56.0,76.0,98.0,60.0
253,sub0334,81.0,0.0,0.0,0.0,0.0,0.0,76.0,0.0,0.0,88.0,100.0,100.0,62.0,57.0,89.0,100.0,90.0,1.0,0.0,3.0,2.0,1.0,2.0,3.0,13,74.0,0.0,18.0,67.0,24.0,68.0,85.0,23.0,21,67,85,37,61.0,100.0,100.0,59.0
254,sub0448,38.0,21.0,13.0,7.0,2.0,31.0,81.0,17.0,8.0,68.0,65.0,76.0,54.0,35.0,52.0,32.0,70.0,2.0,1.0,3.0,1.0,1.0,3.0,3.0,42,37.0,47.0,17.0,80.0,20.0,39.0,64.0,24.0,10,11,72,54,36.0,31.0,19.0,62.0
255,sub0142,24.0,10.0,1.0,0.0,0.0,15.0,64.0,19.0,7.0,65.0,83.0,89.0,88.0,11.0,31.0,7.0,86.0,3.0,3.0,4.0,2.0,3.0,3.0,2.0,24,43.0,8.0,1.0,44.0,8.0,36.0,73.0,68.0,7,23,42,34,39.0,53.0,58.0,31.0
256,sub0505,3.0,0.0,0.0,0.0,0.0,11.0,86.0,57.0,67.0,88.0,100.0,100.0,83.0,100.0,100.0,100.0,100.0,3.0,2.0,4.0,3.0,2.0,3.0,3.0,26,85.0,81.0,79.0,59.0,71.0,75.0,91.0,16.0,40,36,85,49,34.0,26.0,27.0,86.0
257,sub0512,0.0,0.0,0.0,0.0,0.0,15.0,100.0,75.0,68.0,100.0,100.0,100.0,100.0,100.0,100.0,100.0,100.0,4.0,4.0,4.0,4.0,4.0,4.0,4.0,51,100.0,87.0,100.0,100.0,100.0,100.0,84.0,14.0,100,100,100,72,90.0,89.0,80.0,85.0
258,sub0047,15.0,0.0,0.0,0.0,0.0,74.0,100.0,0.0,0.0,23.0,100.0,100.0,17.0,8.0,50.0,71.0,100.0,4.0,3.0,3.0,1.0,2.0,3.0,2.0,12,8.0,35.0,50.0,85.0,15.0,12.0,81.0,63.0,7,7,80,19,30.0,41.0,56.0,100.0
259,sub0436,0.0,0.0,0.0,0.0,0.0,82.0,97.0,65.0,74.0,100.0,100.0,100.0,100.0,100.0,100.0,100.0,100.0,3.0,3.0,3.0,4.0,3.0,3.0,3.0,81,51.0,81.0,80.0,100.0,83.0,79.0,58.0,7.0,68,71,76,81,95.0,100.0,100.0,77.0
